Fecha,Serie,Moneda,Valor Libro,Valor Económico,Patrimonio Neto,Activo Total,Nº de Aportantes,Nº Aportantes Institucionales,Agencia
27/11/2017,UNICA,PROM,"1,0000","1,0000",465.781,465.781,11,3,SA
28/11/2017,UNICA,PROM,"1,0000","1,0000",465.781,465.781,11,3,SA
29/11/2017,UNICA,PROM,"1,0000","1,0000",465.781,465.781,11,3,SA
30/11/2017,UNICA,PROM,"1,0000","1,0000",465.781,465.781,11,3,SA
01/12/2017,UNICA,PROM,"1,0000","1,0000",465.781,465.781,11,3,SA
02/12/2017,UNICA,PROM,"1,0000","1,0000",465.781,465.781,11,3,SA
03/12/2017,UNICA,PROM,"1,0000","1,0000",465.781,465.781,11,3,SA
04/12/2017,UNICA,PROM,"1,0000","1,0000",465.781,465.781,11,3,SA
05/12/2017,UNICA,PROM,"1,0000","1,0000",465.781,465.781,11,3,SA
06/12/2017,UNICA,PROM,"1,0000","1,0000",465.781,465.781,11,3,SA
07/12/2017,UNICA,PROM,"1,0000","1,0000",465.781,465.781,11,3,SA
08/12/2017,UNICA,PROM,"1,0000","1,0000",465.781,465.781,11,3,SA
09/12/2017,UNICA,PROM,"1,0000","1,0000",465.781,465.781,11,3,SA
10/12/2017,UNICA,PROM,"1,0000","1,0000",465.781,465.781,11,3,SA
11/12/2017,UNICA,PROM,"1,0000","1,0000",465.781,465.781,11,3,SA
12/12/2017,UNICA,PROM,"0,9952","0,9952",463.534,465.781,11,3,SA
13/12/2017,UNICA,PROM,"0,9952","0,9952",463.534,465.781,11,3,SA
14/12/2017,UNICA,PROM,"0,9952","0,9952",463.534,465.781,11,3,SA
15/12/2017,UNICA,PROM,"0,9952","0,9952",463.534,465.781,11,3,SA
16/12/2017,UNICA,PROM,"0,9952","0,9952",463.534,465.781,11,3,SA
17/12/2017,UNICA,PROM,"0,9952","0,9952",463.534,465.781,11,3,SA
18/12/2017,UNICA,PROM,"0,9952","0,9952",463.534,465.781,11,3,SA
19/12/2017,UNICA,PROM,"0,9952","0,9952",463.534,465.781,11,3,SA
20/12/2017,UNICA,PROM,"0,9952","0,9952",463.534,465.781,11,3,SA
21/12/2017,UNICA,PROM,"0,9952","0,9952",463.534,465.781,11,3,SA
22/12/2017,UNICA,PROM,"0,9952","0,9952",463.534,465.781,11,3,SA
23/12/2017,UNICA,PROM,"0,9952","0,9952",463.534,465.781,11,3,SA
24/12/2017,UNICA,PROM,"0,9952","0,9952",463.534,465.781,11,3,SA
25/12/2017,UNICA,PROM,"0,9952","0,9952",463.534,465.781,11,3,SA
26/12/2017,UNICA,PROM,"0,9952","0,9952",463.534,465.781,11,3,SA
27/12/2017,UNICA,PROM,"0,9952","0,9952",463.534,465.781,11,3,SA
28/12/2017,UNICA,PROM,"0,9952","0,9952",463.532,465.781,11,3,SA
29/12/2017,UNICA,PROM,"0,9951","0,9951",463.518,465.767,11,3,SA
30/12/2017,UNICA,PROM,"0,9952","0,9952",463.548,465.798,11,3,SA
31/12/2017,UNICA,PROM,"0,9949","0,9949",463.429,465.828,11,3,SA
01/01/2018,UNICA,PROM,"0,9950","0,9950",463.453,465.859,11,3,SA
02/01/2018,UNICA,PROM,"0,9951","0,9951",463.490,465.903,11,3,SA
03/01/2018,UNICA,PROM,"0,9951","0,9951",463.510,465.930,11,3,SA
04/01/2018,UNICA,PROM,"0,9952","0,9952",463.525,465.951,11,3,SA
05/01/2018,UNICA,PROM,"0,9951","0,9951",463.518,465.951,11,3,SA
06/01/2018,UNICA,PROM,"0,9951","0,9951",463.512,465.951,11,3,SA
07/01/2018,UNICA,PROM,"0,9951","0,9951",463.505,465.951,11,3,SA
08/01/2018,UNICA,PROM,"0,9951","0,9951",463.499,465.951,11,3,SA
09/01/2018,UNICA,PROM,"0,9951","0,9951",463.492,465.951,11,3,SA
10/01/2018,UNICA,PROM,"0,9951","0,9951",463.485,465.949,11,3,SA
11/01/2018,UNICA,PROM,"0,9951","0,9951",463.479,465.949,11,3,SA
12/01/2018,UNICA,PROM,"0,9950","0,9950",463.472,465.949,11,3,SA
13/01/2018,UNICA,PROM,"0,9950","0,9950",463.466,465.949,11,3,SA
14/01/2018,UNICA,PROM,"0,9950","0,9950",463.459,465.949,11,3,SA
15/01/2018,UNICA,PROM,"0,9950","0,9950",463.453,465.949,11,3,SA
16/01/2018,UNICA,PROM,"0,9950","0,9950",463.446,465.949,11,3,SA
17/01/2018,UNICA,PROM,"0,9950","0,9950",463.439,465.949,11,3,SA
18/01/2018,UNICA,PROM,"0,9950","0,9950",463.433,465.949,11,3,SA
19/01/2018,UNICA,PROM,"0,9949","0,9949",463.426,465.949,11,3,SA
20/01/2018,UNICA,PROM,"0,9949","0,9949",463.420,465.949,11,3,SA
21/01/2018,UNICA,PROM,"0,9949","0,9949",463.413,465.949,11,3,SA
22/01/2018,UNICA,PROM,"0,9949","0,9949",463.407,465.949,11,3,SA
23/01/2018,UNICA,PROM,"0,9949","0,9949",463.400,465.949,11,3,SA
24/01/2018,UNICA,PROM,"0,9949","0,9949",463.393,465.949,11,3,SA
25/01/2018,UNICA,PROM,"0,9949","0,9949",463.387,465.949,11,3,SA
26/01/2018,UNICA,PROM,"0,9948","0,9948",463.380,465.949,11,3,SA
27/01/2018,UNICA,PROM,"0,9948","0,9948",463.374,465.949,11,3,SA
28/01/2018,UNICA,PROM,"0,9948","0,9948",463.367,465.949,11,3,SA
29/01/2018,UNICA,PROM,"0,9948","0,9948",463.361,465.949,11,3,SA
30/01/2018,UNICA,PROM,"0,9948","0,9948",463.354,465.949,11,3,SA
31/01/2018,UNICA,PROM,"0,9948","0,9948",463.343,465.949,11,3,SA
01/02/2018,UNICA,PROM,"0,9948","0,9948",463.337,465.949,11,3,SA
02/02/2018,UNICA,PROM,"0,9947","0,9947",463.330,465.949,11,3,SA
03/02/2018,UNICA,PROM,"0,9947","0,9947",463.323,465.949,11,3,SA
04/02/2018,UNICA,PROM,"0,9947","0,9947",463.317,465.949,11,3,SA
05/02/2018,UNICA,PROM,"0,9947","0,9947",463.310,465.949,11,3,SA
06/02/2018,UNICA,PROM,"0,9947","0,9947",463.303,465.949,11,3,SA
07/02/2018,UNICA,PROM,"0,9946","0,9946",463.277,465.930,11,3,SA
08/02/2018,UNICA,PROM,"0,9947","0,9947",463.304,465.963,11,3,SA
09/02/2018,UNICA,PROM,"0,9947","0,9947",463.315,465.981,11,3,SA
10/02/2018,UNICA,PROM,"0,9947","0,9947",463.327,465.999,11,3,SA
11/02/2018,UNICA,PROM,"0,9948","0,9948",463.338,466.017,11,3,SA
12/02/2018,UNICA,PROM,"0,9948","0,9948",463.356,466.041,11,3,SA
13/02/2018,UNICA,PROM,"0,9948","0,9948",463.367,466.059,11,3,SA
14/02/2018,UNICA,PROM,"0,9948","0,9948",463.375,466.074,11,3,SA
15/02/2018,UNICA,PROM,"0,9949","0,9949",463.386,466.092,11,3,SA
16/02/2018,UNICA,PROM,"0,9949","0,9949",463.392,466.104,11,3,SA
17/02/2018,UNICA,PROM,"0,9949","0,9949",463.403,466.122,11,3,SA
18/02/2018,UNICA,PROM,"0,9949","0,9949",463.415,466.140,11,3,SA
19/02/2018,UNICA,PROM,"0,9949","0,9949",463.428,466.161,11,3,SA
20/02/2018,UNICA,PROM,"0,9950","0,9950",463.438,466.177,11,3,SA
21/02/2018,UNICA,PROM,"0,9950","0,9950",463.443,466.189,11,3,SA
22/02/2018,UNICA,PROM,"0,9950","0,9950",463.447,466.200,11,3,SA
23/02/2018,UNICA,PROM,"0,9950","0,9950",463.463,466.222,11,3,SA
24/02/2018,UNICA,PROM,"0,9950","0,9950",463.475,466.241,11,3,SA
25/02/2018,UNICA,PROM,"0,9951","0,9951",463.487,466.260,11,3,SA
26/02/2018,UNICA,PROM,"0,9951","0,9951",463.489,466.269,11,3,SA
27/02/2018,UNICA,PROM,"0,9951","0,9951",463.504,466.290,11,3,SA
28/02/2018,UNICA,PROM,"0,9951","0,9951",463.512,466.313,11,3,SA
01/03/2018,UNICA,PROM,"0,9951","0,9951",463.521,466.329,11,3,SA
02/03/2018,UNICA,PROM,"0,9952","0,9952",463.538,466.353,11,3,SA
03/03/2018,UNICA,PROM,"0,9952","0,9952",463.532,466.353,11,3,SA
04/03/2018,UNICA,PROM,"0,9952","0,9952",463.525,466.353,11,3,SA
05/03/2018,UNICA,PROM,"0,9953","0,9953",463.575,466.410,11,3,SA
06/03/2018,UNICA,PROM,"0,9953","0,9953",463.585,466.427,11,3,SA
07/03/2018,UNICA,PROM,"0,9953","0,9953",463.597,466.446,11,3,SA
08/03/2018,UNICA,PROM,"0,9953","0,9953",463.608,466.463,11,3,SA
09/03/2018,UNICA,PROM,"0,9954","0,9954",463.623,466.485,11,3,SA
10/03/2018,UNICA,PROM,"0,9954","0,9954",463.616,466.485,11,3,SA
11/03/2018,UNICA,PROM,"0,9953","0,9953",463.609,466.485,11,3,SA
12/03/2018,UNICA,PROM,"0,9955","0,9955",463.706,466.589,11,3,SA
13/03/2018,UNICA,PROM,"0,9956","0,9956",463.719,466.609,11,3,SA
14/03/2018,UNICA,PROM,"0,9956","0,9956",463.720,466.616,11,3,SA
15/03/2018,UNICA,PROM,"0,9956","0,9956",463.742,466.645,11,3,SA
16/03/2018,UNICA,PROM,"0,9957","0,9957",463.764,466.674,11,3,SA
17/03/2018,UNICA,PROM,"0,9957","0,9957",463.757,466.674,11,3,SA
18/03/2018,UNICA,PROM,"0,9956","0,9956",463.750,466.674,11,3,SA
19/03/2018,UNICA,PROM,"0,9958","0,9958",463.827,466.758,11,3,SA
20/03/2018,UNICA,PROM,"0,9958","0,9958",463.834,466.772,11,3,SA
21/03/2018,UNICA,PROM,"0,9958","0,9958",463.845,466.789,11,3,SA
22/03/2018,UNICA,PROM,"0,9959","0,9959",463.857,466.808,11,3,SA
23/03/2018,UNICA,PROM,"0,9959","0,9959",463.872,466.830,11,3,SA
24/03/2018,UNICA,PROM,"0,9959","0,9959",463.890,466.855,11,3,SA
25/03/2018,UNICA,PROM,"0,9960","0,9960",463.909,466.880,11,3,SA
26/03/2018,UNICA,PROM,"0,9960","0,9960",463.930,466.908,11,3,SA
27/03/2018,UNICA,PROM,"0,9960","0,9960",463.938,466.923,11,3,SA
28/03/2018,UNICA,PROM,"0,9961","0,9961",463.961,466.953,11,3,SA
29/03/2018,UNICA,PROM,"0,9961","0,9961",463.980,466.979,11,3,SA
30/03/2018,UNICA,PROM,"0,9962","0,9962",463.998,467.004,11,3,SA
31/03/2018,UNICA,PROM,"0,9962","0,9962",464.026,467.029,11,3,SA
01/04/2018,UNICA,PROM,"0,9963","0,9963",464.044,467.055,11,3,SA
02/04/2018,UNICA,PROM,"0,9963","0,9963",464.066,467.083,11,3,SA
03/04/2018,UNICA,PROM,"0,9964","0,9964",464.088,467.112,11,3,SA
04/04/2018,UNICA,PROM,"0,9964","0,9964",464.115,467.146,11,3,SA
05/04/2018,UNICA,PROM,"0,9965","0,9965",464.137,467.174,11,3,SA
06/04/2018,UNICA,PROM,"0,9965","0,9965",464.145,467.189,11,3,SA
07/04/2018,UNICA,PROM,"0,9965","0,9965",464.163,467.213,11,3,SA
08/04/2018,UNICA,PROM,"0,9966","0,9966",464.181,467.238,11,3,SA
09/04/2018,UNICA,PROM,"0,9966","0,9966",464.208,467.273,11,3,SA
10/04/2018,UNICA,PROM,"0,9967","0,9967",464.225,467.296,11,3,SA
11/04/2018,UNICA,PROM,"0,9967","0,9967",464.243,467.321,11,3,SA
12/04/2018,UNICA,PROM,"0,9967","0,9967",464.259,467.344,11,3,SA
13/04/2018,UNICA,PROM,"0,9968","0,9968",464.275,467.366,11,3,SA
14/04/2018,UNICA,PROM,"0,9968","0,9968",464.291,467.389,11,3,SA
15/04/2018,UNICA,PROM,"0,9968","0,9968",464.307,467.412,11,3,SA
16/04/2018,UNICA,PROM,"0,9969","0,9969",464.323,467.435,11,3,SA
17/04/2018,UNICA,PROM,"0,9969","0,9969",464.317,467.435,11,3,SA
18/04/2018,UNICA,PROM,"0,9968","0,9968",464.310,467.435,11,3,SA
19/04/2018,UNICA,PROM,"0,9968","0,9968",464.303,467.435,11,3,SA
20/04/2018,UNICA,PROM,"0,9968","0,9968",464.297,467.435,11,3,SA
21/04/2018,UNICA,PROM,"0,9968","0,9968",464.290,467.435,11,3,SA
22/04/2018,UNICA,PROM,"0,9968","0,9968",464.283,467.435,11,3,SA
23/04/2018,UNICA,PROM,"0,9968","0,9968",464.276,467.435,11,3,SA
24/04/2018,UNICA,PROM,"0,9968","0,9968",464.270,467.435,11,3,SA
25/04/2018,UNICA,PROM,"0,9967","0,9967",464.263,467.435,11,3,SA
26/04/2018,UNICA,PROM,"0,9967","0,9967",464.256,467.435,11,3,SA
27/04/2018,UNICA,PROM,"0,9967","0,9967",464.249,467.435,11,3,SA
28/04/2018,UNICA,PROM,"0,9967","0,9967",464.243,467.435,11,3,SA
29/04/2018,UNICA,PROM,"0,9967","0,9967",464.236,467.435,11,3,SA
30/04/2018,UNICA,PROM,"0,9967","0,9967",464.238,467.435,11,3,SA
01/05/2018,UNICA,PROM,"0,9967","0,9967",464.231,467.434,11,3,SA
02/05/2018,UNICA,PROM,"0,9967","0,9967",464.225,467.435,11,3,SA
03/05/2018,UNICA,PROM,"0,9966","0,9966",464.218,467.435,11,3,SA
04/05/2018,UNICA,PROM,"0,9966","0,9966",464.211,467.435,11,3,SA
05/05/2018,UNICA,PROM,"0,9966","0,9966",464.205,467.435,11,3,SA
06/05/2018,UNICA,PROM,"0,9966","0,9966",464.198,467.435,11,3,SA
07/05/2018,UNICA,PROM,"0,9966","0,9966",464.191,467.435,11,3,SA
08/05/2018,UNICA,PROM,"0,9966","0,9966",464.185,467.435,11,3,SA
09/05/2018,UNICA,PROM,"0,9966","0,9966",464.178,467.435,11,3,SA
10/05/2018,UNICA,PROM,"0,9965","0,9965",464.171,467.435,11,3,SA
11/05/2018,UNICA,PROM,"0,9965","0,9965",464.165,467.435,11,3,SA
12/05/2018,UNICA,PROM,"0,9966","0,9966",464.184,467.461,11,3,SA
13/05/2018,UNICA,PROM,"0,9966","0,9966",464.203,467.487,11,3,SA
14/05/2018,UNICA,PROM,"0,9967","0,9967",464.228,467.518,11,3,SA
15/05/2018,UNICA,PROM,"0,9967","0,9967",464.246,467.542,11,3,SA
16/05/2018,UNICA,PROM,"0,9967","0,9967",464.264,467.568,11,3,SA
17/05/2018,UNICA,PROM,"0,9968","0,9968",464.282,467.592,11,3,SA
18/05/2018,UNICA,PROM,"0,9968","0,9968",464.300,467.616,11,3,SA
19/05/2018,UNICA,PROM,"0,9968","0,9968",464.293,467.616,11,3,SA
20/05/2018,UNICA,PROM,"0,9968","0,9968",464.286,467.616,11,3,SA
21/05/2018,UNICA,PROM,"0,9968","0,9968",464.280,467.616,11,3,SA
22/05/2018,UNICA,PROM,"0,9968","0,9968",464.273,467.616,11,3,SA
23/05/2018,UNICA,PROM,"0,9967","0,9967",464.266,467.616,11,3,SA
24/05/2018,UNICA,PROM,"0,9967","0,9967",464.260,467.616,11,3,SA
25/05/2018,UNICA,PROM,"0,9967","0,9967",464.253,467.616,11,3,SA
26/05/2018,UNICA,PROM,"0,9967","0,9967",464.246,467.616,11,3,SA
27/05/2018,UNICA,PROM,"0,9967","0,9967",464.240,467.616,11,3,SA
28/05/2018,UNICA,PROM,"0,9967","0,9967",464.233,467.616,11,3,SA
29/05/2018,UNICA,PROM,"0,9967","0,9967",464.227,467.616,11,3,SA
30/05/2018,UNICA,PROM,"0,9966","0,9966",464.220,467.616,11,3,SA
31/05/2018,UNICA,PROM,"0,9967","0,9967",464.249,467.622,11,3,SA
01/06/2018,UNICA,PROM,"0,9968","0,9968",464.292,467.672,11,3,SA
02/06/2018,UNICA,PROM,"0,9969","0,9969",464.317,467.703,11,3,SA
03/06/2018,UNICA,PROM,"0,9969","0,9969",464.341,467.734,11,3,SA
04/06/2018,UNICA,PROM,"0,9970","0,9970",464.366,467.765,11,3,SA
05/06/2018,UNICA,PROM,"0,9969","0,9969",464.359,467.765,11,3,SA
06/06/2018,UNICA,PROM,"0,9969","0,9969",464.353,467.765,11,3,SA
07/06/2018,UNICA,PROM,"0,9969","0,9969",464.346,467.765,11,3,SA
08/06/2018,UNICA,PROM,"0,9970","0,9970",464.365,467.790,11,3,SA
09/06/2018,UNICA,PROM,"0,9970","0,9970",464.384,467.816,11,3,SA
10/06/2018,UNICA,PROM,"0,9970","0,9970",464.403,467.841,11,3,SA
11/06/2018,UNICA,PROM,"0,9971","0,9971",464.422,467.866,11,3,SA
12/06/2018,UNICA,PROM,"0,9971","0,9971",464.441,467.892,11,3,SA
13/06/2018,UNICA,PROM,"0,9971","0,9971",464.434,467.892,11,3,SA
14/06/2018,UNICA,PROM,"0,9971","0,9971",464.428,467.892,11,3,SA
15/06/2018,UNICA,PROM,"0,9971","0,9971",634.327,637.798,11,3,SA
16/06/2018,UNICA,PROM,"0,9971","0,9971",634.321,637.798,11,3,SA
17/06/2018,UNICA,PROM,"0,9971","0,9971",634.314,637.798,11,3,SA
18/06/2018,UNICA,PROM,"0,9971","0,9971",634.308,637.798,11,3,SA
19/06/2018,UNICA,PROM,"0,9970","0,9970",634.301,637.798,11,3,SA
20/06/2018,UNICA,PROM,"0,9970","0,9970",634.295,637.798,11,3,SA
21/06/2018,UNICA,PROM,"0,9970","0,9970",634.289,637.798,11,3,SA
22/06/2018,UNICA,PROM,"0,9967","0,9967",634.104,637.620,11,3,SA
23/06/2018,UNICA,PROM,"0,9967","0,9967",634.098,637.620,11,3,SA
24/06/2018,UNICA,PROM,"0,9967","0,9967",634.091,637.620,11,3,SA
25/06/2018,UNICA,PROM,"0,9967","0,9967",634.085,637.620,11,3,SA
26/06/2018,UNICA,PROM,"0,9958","0,9958",633.480,637.620,11,3,SA
27/06/2018,UNICA,PROM,"0,9957","0,9957",633.474,637.620,11,3,SA
28/06/2018,UNICA,PROM,"0,9957","0,9957",633.465,637.618,11,3,SA
29/06/2018,UNICA,PROM,"0,9957","0,9957",633.458,637.618,11,3,SA
30/06/2018,UNICA,PROM,"0,9946","0,9946",632.771,637.618,11,3,SA
01/07/2018,UNICA,PROM,"0,9946","0,9946",632.761,637.618,11,3,SA
02/07/2018,UNICA,PROM,"0,9946","0,9946",632.751,637.618,11,3,SA
03/07/2018,UNICA,PROM,"0,9946","0,9946",632.740,637.618,11,3,SA
04/07/2018,UNICA,PROM,"0,9946","0,9946",632.730,637.618,11,3,SA
05/07/2018,UNICA,PROM,"0,9946","0,9946",632.720,637.618,11,3,SA
06/07/2018,UNICA,PROM,"0,9945","0,9945",632.709,637.618,11,3,SA
07/07/2018,UNICA,PROM,"0,9945","0,9945",632.699,637.618,11,3,SA
08/07/2018,UNICA,PROM,"0,9945","0,9945",632.689,637.618,11,3,SA
09/07/2018,UNICA,PROM,"0,9945","0,9945",632.679,637.618,11,3,SA
10/07/2018,UNICA,PROM,"0,9945","0,9945",632.668,637.618,11,3,SA
11/07/2018,UNICA,PROM,"0,9945","0,9945",632.658,637.618,11,3,SA
12/07/2018,UNICA,PROM,"0,9944","0,9944",632.648,637.670,11,3,SA
13/07/2018,UNICA,PROM,"0,9944","0,9944",632.638,637.670,11,3,SA
14/07/2018,UNICA,PROM,"0,9944","0,9944",632.627,637.670,11,3,SA
15/07/2018,UNICA,PROM,"0,9944","0,9944",632.617,637.670,11,3,SA
16/07/2018,UNICA,PROM,"0,9944","0,9944",632.607,637.670,11,3,SA
17/07/2018,UNICA,PROM,"0,9944","0,9944",632.596,637.670,11,3,SA
18/07/2018,UNICA,PROM,"0,9943","0,9943",632.569,637.670,11,3,SA
19/07/2018,UNICA,PROM,"0,9943","0,9943",632.541,637.670,11,3,SA
20/07/2018,UNICA,PROM,"0,9942","0,9942",632.513,637.670,11,3,SA
21/07/2018,UNICA,PROM,"0,9942","0,9942",632.485,637.670,11,3,SA
22/07/2018,UNICA,PROM,"0,9941","0,9941",632.458,637.670,11,3,SA
23/07/2018,UNICA,PROM,"0,9941","0,9941",632.430,637.670,11,3,SA
24/07/2018,UNICA,PROM,"0,9941","0,9941",632.400,637.668,11,3,SA
25/07/2018,UNICA,PROM,"0,9940","0,9940",632.372,637.668,11,3,SA
26/07/2018,UNICA,PROM,"0,9940","0,9940",632.344,637.668,11,3,SA
27/07/2018,UNICA,PROM,"0,9939","0,9939",632.317,637.668,11,3,SA
28/07/2018,UNICA,PROM,"0,9939","0,9939",632.289,637.668,11,3,SA
29/07/2018,UNICA,PROM,"0,9938","0,9938",632.261,637.668,11,3,SA
30/07/2018,UNICA,PROM,"0,9885","0,9885",628.892,634.644,11,3,SA
31/07/2018,UNICA,PROM,"0,9884","0,9884",628.803,634.644,11,3,SA
01/08/2018,UNICA,PROM,"0,9883","0,9883",628.753,634.644,11,3,SA
02/08/2018,UNICA,PROM,"0,9882","0,9882",628.703,634.644,11,3,SA
03/08/2018,UNICA,PROM,"0,9882","0,9882",628.653,634.644,11,3,SA
04/08/2018,UNICA,PROM,"0,9881","0,9881",628.603,634.644,11,3,SA
05/08/2018,UNICA,PROM,"0,9880","0,9880",628.553,634.644,11,3,SA
06/08/2018,UNICA,PROM,"0,9879","0,9879",628.503,634.644,11,3,SA
07/08/2018,UNICA,PROM,"0,9879","0,9879",628.453,634.644,11,3,SA
08/08/2018,UNICA,PROM,"0,9878","0,9878",628.403,634.644,11,3,SA
09/08/2018,UNICA,PROM,"0,9877","0,9877",628.353,634.644,11,3,SA
10/08/2018,UNICA,PROM,"0,9876","0,9876",628.303,634.644,11,3,SA
11/08/2018,UNICA,PROM,"0,9875","0,9875",628.253,634.644,11,3,SA
12/08/2018,UNICA,PROM,"0,9875","0,9875",628.203,634.644,11,3,SA
13/08/2018,UNICA,PROM,"0,9874","0,9874",628.153,634.644,11,3,SA
14/08/2018,UNICA,PROM,"0,9873","0,9873",628.103,634.644,11,3,SA
15/08/2018,UNICA,PROM,"0,9872","0,9872",628.053,634.644,11,3,SA
16/08/2018,UNICA,PROM,"0,9871","0,9871",628.003,634.644,11,3,SA
17/08/2018,UNICA,PROM,"0,9871","0,9871",627.953,634.644,11,3,SA
18/08/2018,UNICA,PROM,"0,9870","0,9870",627.903,634.644,11,3,SA
19/08/2018,UNICA,PROM,"0,9869","0,9869",627.853,634.644,11,3,SA
20/08/2018,UNICA,PROM,"0,9868","0,9868",627.803,634.644,11,3,SA
21/08/2018,UNICA,PROM,"0,9868","0,9868",627.753,634.644,11,3,SA
22/08/2018,UNICA,PROM,"0,9867","0,9867",627.703,634.644,11,3,SA
23/08/2018,UNICA,PROM,"0,9866","0,9866",627.653,634.644,11,3,SA
24/08/2018,UNICA,PROM,"0,9865","0,9865",627.603,634.644,11,3,SA
25/08/2018,UNICA,PROM,"0,9864","0,9864",627.553,634.644,11,3,SA
26/08/2018,UNICA,PROM,"0,9864","0,9864",627.503,634.644,11,3,SA
27/08/2018,UNICA,PROM,"0,9863","0,9863",627.453,634.644,11,3,SA
28/08/2018,UNICA,PROM,"0,9862","0,9862",627.403,634.644,11,3,SA
29/08/2018,UNICA,PROM,"0,9861","0,9861",627.353,634.644,11,3,SA
30/08/2018,UNICA,PROM,"0,9860","0,9860",627.303,634.644,11,3,SA
31/08/2018,UNICA,PROM,"0,9852","0,9852",626.751,634.641,11,3,SA
01/09/2018,UNICA,PROM,"0,9851","0,9851",626.724,634.641,11,3,SA
02/09/2018,UNICA,PROM,"0,9851","0,9851",626.698,634.641,11,3,SA
03/09/2018,UNICA,PROM,"0,9851","0,9851",626.671,634.641,11,3,SA
04/09/2018,UNICA,PROM,"0,9850","0,9850",626.644,634.641,11,3,SA
05/09/2018,UNICA,PROM,"0,9850","0,9850",626.618,634.641,11,3,SA
06/09/2018,UNICA,PROM,"0,9849","0,9849",626.591,634.641,11,3,SA
07/09/2018,UNICA,PROM,"0,9849","0,9849",626.564,634.641,11,3,SA
08/09/2018,UNICA,PROM,"0,9848","0,9848",626.538,634.641,11,3,SA
09/09/2018,UNICA,PROM,"0,9848","0,9848",626.511,634.641,11,3,SA
10/09/2018,UNICA,PROM,"0,9848","0,9848",626.484,634.641,11,3,SA
11/09/2018,UNICA,PROM,"0,9847","0,9847",626.458,634.641,11,3,SA
12/09/2018,UNICA,PROM,"0,9847","0,9847",626.431,634.641,11,3,SA
13/09/2018,UNICA,PROM,"0,9846","0,9846",626.404,634.641,11,3,SA
14/09/2018,UNICA,PROM,"0,9846","0,9846",626.377,634.641,11,3,SA
15/09/2018,UNICA,PROM,"0,9845","0,9845",626.351,634.641,11,3,SA
16/09/2018,UNICA,PROM,"0,9845","0,9845",626.324,634.641,11,3,SA
17/09/2018,UNICA,PROM,"0,9845","0,9845",626.297,634.641,11,3,SA
18/09/2018,UNICA,PROM,"0,9844","0,9844",626.271,634.641,11,3,SA
19/09/2018,UNICA,PROM,"0,9844","0,9844",626.244,634.641,11,3,SA
20/09/2018,UNICA,PROM,"0,9843","0,9843",626.217,634.641,11,3,SA
21/09/2018,UNICA,PROM,"0,9843","0,9843",626.191,634.641,11,3,SA
22/09/2018,UNICA,PROM,"0,9843","0,9843",626.164,634.641,11,3,SA
23/09/2018,UNICA,PROM,"0,9842","0,9842",626.137,634.641,11,3,SA
24/09/2018,UNICA,PROM,"0,9842","0,9842",626.111,634.641,11,3,SA
25/09/2018,UNICA,PROM,"0,9841","0,9841",626.084,634.641,11,3,SA
26/09/2018,UNICA,PROM,"0,9841","0,9841",1.263.557,1.272.141,11,3,SA
27/09/2018,UNICA,PROM,"0,9841","0,9841",1.263.530,1.272.141,11,3,SA
28/09/2018,UNICA,PROM,"0,9841","0,9841",1.263.504,1.272.141,11,3,SA
29/09/2018,UNICA,PROM,"0,9840","0,9840",1.263.477,1.272.141,11,3,SA
30/09/2018,UNICA,PROM,"0,9839","0,9839",1.263.251,1.272.143,11,3,SA
01/10/2018,UNICA,PROM,"0,9838","0,9838",1.263.224,1.272.143,11,3,SA
02/10/2018,UNICA,PROM,"0,9838","0,9838",1.263.196,1.272.143,11,3,SA
03/10/2018,UNICA,PROM,"0,9838","0,9838",1.263.169,1.272.143,11,3,SA
04/10/2018,UNICA,PROM,"0,9838","0,9838",1.263.141,1.272.143,11,3,SA
05/10/2018,UNICA,PROM,"0,9837","0,9837",1.263.114,1.272.143,11,3,SA
06/10/2018,UNICA,PROM,"0,9837","0,9837",1.263.086,1.272.143,11,3,SA
07/10/2018,UNICA,PROM,"0,9837","0,9837",1.263.058,1.272.143,11,3,SA
08/10/2018,UNICA,PROM,"0,9837","0,9837",1.263.031,1.272.143,11,3,SA
09/10/2018,UNICA,PROM,"0,9837","0,9837",1.263.003,1.272.143,11,3,SA
10/10/2018,UNICA,PROM,"0,9836","0,9836",1.262.976,1.272.143,11,3,SA
11/10/2018,UNICA,PROM,"0,9836","0,9836",1.262.948,1.272.143,11,3,SA
12/10/2018,UNICA,PROM,"0,9836","0,9836",1.262.921,1.272.143,11,3,SA
13/10/2018,UNICA,PROM,"0,9836","0,9836",1.262.893,1.272.143,11,3,SA
14/10/2018,UNICA,PROM,"0,9836","0,9836",1.262.865,1.272.143,11,3,SA
15/10/2018,UNICA,PROM,"0,9835","0,9835",1.262.838,1.272.143,11,3,SA
16/10/2018,UNICA,PROM,"0,9835","0,9835",1.262.810,1.272.143,11,3,SA
17/10/2018,UNICA,PROM,"0,9835","0,9835",1.262.783,1.272.143,11,3,SA
18/10/2018,UNICA,PROM,"0,9835","0,9835",1.262.755,1.272.143,11,3,SA
19/10/2018,UNICA,PROM,"0,9834","0,9834",1.262.728,1.272.143,11,3,SA
20/10/2018,UNICA,PROM,"0,9834","0,9834",1.262.700,1.272.143,11,3,SA
21/10/2018,UNICA,PROM,"0,9834","0,9834",1.262.672,1.272.143,11,3,SA
22/10/2018,UNICA,PROM,"0,9834","0,9834",1.262.645,1.272.143,11,3,SA
23/10/2018,UNICA,PROM,"0,9834","0,9834",2.388.217,2.397.742,11,2,SA
24/10/2018,UNICA,PROM,"0,9834","0,9834",2.538.256,2.547.809,11,3,SA
25/10/2018,UNICA,PROM,"0,9834","0,9834",2.538.229,2.547.809,11,3,SA
26/10/2018,UNICA,PROM,"0,9833","0,9833",2.538.157,2.547.809,11,3,SA
27/10/2018,UNICA,PROM,"0,9833","0,9833",2.538.130,2.547.809,11,3,SA
28/10/2018,UNICA,PROM,"0,9833","0,9833",2.538.102,2.547.809,11,3,SA
29/10/2018,UNICA,PROM,"0,9833","0,9833",2.538.075,2.547.809,11,3,SA
30/10/2018,UNICA,PROM,"0,9751","0,9751",2.517.001,2.526.763,11,3,SA
31/10/2018,UNICA,PROM,"0,9753","0,9753",2.517.331,2.526.730,11,3,SA
01/11/2018,UNICA,PROM,"0,9753","0,9753",2.517.305,2.526.730,11,3,SA
02/11/2018,UNICA,PROM,"0,9752","0,9752",2.517.279,2.526.730,11,3,SA
03/11/2018,UNICA,PROM,"0,9752","0,9752",2.517.252,2.526.730,11,3,SA
04/11/2018,UNICA,PROM,"0,9752","0,9752",2.517.226,2.526.730,11,3,SA
05/11/2018,UNICA,PROM,"0,9752","0,9752",2.517.200,2.526.730,11,3,SA
06/11/2018,UNICA,PROM,"0,9755","0,9755",2.517.964,2.526.730,11,3,SA
07/11/2018,UNICA,PROM,"0,9755","0,9755",2.517.945,2.526.730,11,3,SA
08/11/2018,UNICA,PROM,"0,9755","0,9755",2.517.926,2.526.730,11,3,SA
09/11/2018,UNICA,PROM,"0,9755","0,9755",2.517.907,2.526.730,11,3,SA
10/11/2018,UNICA,PROM,"0,9755","0,9755",2.517.888,2.526.730,11,3,SA
11/11/2018,UNICA,PROM,"0,9755","0,9755",2.517.868,2.526.730,11,3,SA
12/11/2018,UNICA,PROM,"0,9755","0,9755",2.517.849,2.526.730,11,3,SA
13/11/2018,UNICA,PROM,"0,9755","0,9755",2.517.830,2.526.730,11,3,SA
14/11/2018,UNICA,PROM,"0,9754","0,9754",2.517.811,2.526.730,11,3,SA
15/11/2018,UNICA,PROM,"0,9754","0,9754",2.517.792,2.526.730,11,3,SA
16/11/2018,UNICA,PROM,"0,9754","0,9754",2.517.773,2.526.730,11,3,SA
17/11/2018,UNICA,PROM,"0,9754","0,9754",2.517.754,2.526.730,11,3,SA
18/11/2018,UNICA,PROM,"0,9754","0,9754",2.517.735,2.526.730,11,3,SA
19/11/2018,UNICA,PROM,"0,9754","0,9754",2.517.716,2.526.730,11,3,SA
20/11/2018,UNICA,PROM,"0,9754","0,9754",2.517.696,2.526.730,11,3,SA
21/11/2018,UNICA,PROM,"0,9754","0,9754",2.517.677,2.526.730,11,3,SA
22/11/2018,UNICA,PROM,"0,9754","0,9754",2.517.658,2.526.730,11,3,SA
23/11/2018,UNICA,PROM,"0,9754","0,9754",2.517.639,2.526.730,11,3,SA
24/11/2018,UNICA,PROM,"0,9754","0,9754",2.517.620,2.526.730,11,3,SA
25/11/2018,UNICA,PROM,"0,9754","0,9754",2.517.601,2.526.730,11,3,SA
26/11/2018,UNICA,PROM,"0,9754","0,9754",2.517.582,2.526.730,11,3,SA
27/11/2018,UNICA,PROM,"0,9753","0,9753",2.517.492,2.526.730,11,3,SA
28/11/2018,UNICA,PROM,"0,9753","0,9753",2.517.473,2.526.730,11,3,SA
29/11/2018,UNICA,PROM,"0,9753","0,9753",2.517.454,2.526.730,11,3,SA
30/11/2018,UNICA,PROM,"0,9752","0,9752",2.517.139,2.526.732,11,3,SA
01/12/2018,UNICA,PROM,"0,9752","0,9752",2.517.119,2.526.732,11,3,SA
02/12/2018,UNICA,PROM,"0,9752","0,9752",2.517.099,2.526.732,11,3,SA
03/12/2018,UNICA,PROM,"0,9752","0,9752",2.517.079,2.526.732,11,3,SA
04/12/2018,UNICA,PROM,"0,9752","0,9752",2.517.059,2.526.732,11,3,SA
05/12/2018,UNICA,PROM,"0,9752","0,9752",2.517.039,2.526.732,11,3,SA
06/12/2018,UNICA,PROM,"0,9751","0,9751",2.517.019,2.526.732,11,3,SA
07/12/2018,UNICA,PROM,"0,9751","0,9751",2.516.999,2.526.732,11,3,SA
08/12/2018,UNICA,PROM,"0,9751","0,9751",2.516.979,2.526.732,11,3,SA
09/12/2018,UNICA,PROM,"0,9751","0,9751",2.516.959,2.526.732,11,3,SA
10/12/2018,UNICA,PROM,"0,9751","0,9751",2.516.939,2.526.732,11,3,SA
11/12/2018,UNICA,PROM,"0,9751","0,9751",2.516.919,2.526.732,11,3,SA
12/12/2018,UNICA,PROM,"0,9751","0,9751",2.516.899,2.526.732,11,3,SA
13/12/2018,UNICA,PROM,"0,9751","0,9751",3.154.497,3.164.350,11,3,SA
14/12/2018,UNICA,PROM,"0,9751","0,9751",3.154.477,3.164.350,11,3,SA
15/12/2018,UNICA,PROM,"0,9751","0,9751",3.154.457,3.164.350,11,3,SA
16/12/2018,UNICA,PROM,"0,9751","0,9751",3.154.437,3.164.350,11,3,SA
17/12/2018,UNICA,PROM,"0,9751","0,9751",3.154.417,3.164.350,11,3,SA
18/12/2018,UNICA,PROM,"0,9751","0,9751",3.154.398,3.164.350,11,3,SA
19/12/2018,UNICA,PROM,"0,9751","0,9751",3.154.378,3.164.350,11,3,SA
20/12/2018,UNICA,PROM,"0,9750","0,9750",3.154.358,3.164.350,11,3,SA
21/12/2018,UNICA,PROM,"0,9751","0,9751",3.154.533,3.164.350,11,3,SA
22/12/2018,UNICA,PROM,"0,9751","0,9751",3.154.513,3.164.350,11,3,SA
23/12/2018,UNICA,PROM,"0,9751","0,9751",3.154.493,3.164.350,11,3,SA
24/12/2018,UNICA,PROM,"0,9751","0,9751",3.154.473,3.164.350,11,3,SA
25/12/2018,UNICA,PROM,"0,9751","0,9751",3.154.453,3.164.350,11,3,SA
26/12/2018,UNICA,PROM,"0,9751","0,9751",3.154.433,3.164.350,11,3,SA
27/12/2018,UNICA,PROM,"0,9751","0,9751",3.154.414,3.164.350,11,3,SA
28/12/2018,UNICA,PROM,"0,9751","0,9751",3.154.511,3.164.300,11,3,SA
29/12/2018,UNICA,PROM,"0,9751","0,9751",3.154.491,3.164.300,11,3,SA
30/12/2018,UNICA,PROM,"0,9751","0,9751",3.154.471,3.164.300,11,3,SA
31/12/2018,UNICA,PROM,"0,9751","0,9751",3.154.614,3.164.300,11,3,SA
01/01/2019,UNICA,PROM,"0,9751","0,9751",3.154.600,3.164.300,11,3,SA
02/01/2019,UNICA,PROM,"0,9751","0,9751",3.154.586,3.164.300,11,3,SA
03/01/2019,UNICA,PROM,"0,9751","0,9751",3.154.558,3.164.300,11,3,SA
04/01/2019,UNICA,PROM,"0,9751","0,9751",3.154.540,3.164.300,11,3,SA
05/01/2019,UNICA,PROM,"0,9751","0,9751",3.154.522,3.164.300,11,3,SA
06/01/2019,UNICA,PROM,"0,9751","0,9751",3.154.503,3.164.300,11,3,SA
07/01/2019,UNICA,PROM,"0,9751","0,9751",3.154.484,3.164.300,11,3,SA
08/01/2019,UNICA,PROM,"0,9751","0,9751",3.154.464,3.164.300,11,3,SA
09/01/2019,UNICA,PROM,"0,9751","0,9751",3.154.445,3.164.300,11,3,SA
10/01/2019,UNICA,PROM,"0,9751","0,9751",3.154.425,3.164.300,11,3,SA
11/01/2019,UNICA,PROM,"0,9751","0,9751",3.154.405,3.164.300,11,3,SA
12/01/2019,UNICA,PROM,"0,9751","0,9751",3.154.386,3.164.300,11,3,SA
13/01/2019,UNICA,PROM,"0,9751","0,9751",3.154.366,3.164.300,11,3,SA
14/01/2019,UNICA,PROM,"0,9750","0,9750",3.154.347,3.164.300,11,3,SA
15/01/2019,UNICA,PROM,"0,9750","0,9750",3.154.327,3.164.300,11,3,SA
16/01/2019,UNICA,PROM,"0,9750","0,9750",3.154.308,3.164.300,11,3,SA
17/01/2019,UNICA,PROM,"0,9750","0,9750",3.154.288,3.164.300,11,3,SA
18/01/2019,UNICA,PROM,"0,9750","0,9750",3.154.269,3.164.300,11,3,SA
19/01/2019,UNICA,PROM,"0,9750","0,9750",3.154.249,3.164.300,11,3,SA
20/01/2019,UNICA,PROM,"0,9750","0,9750",3.154.230,3.164.300,11,3,SA
21/01/2019,UNICA,PROM,"0,9750","0,9750",3.154.210,3.164.300,11,3,SA
22/01/2019,UNICA,PROM,"0,9750","0,9750",3.154.191,3.164.300,11,3,SA
23/01/2019,UNICA,PROM,"0,9750","0,9750",3.154.171,3.164.300,11,3,SA
24/01/2019,UNICA,PROM,"0,9750","0,9750",3.154.152,3.164.300,11,3,SA
25/01/2019,UNICA,PROM,"0,9750","0,9750",3.154.132,3.164.300,11,3,SA
26/01/2019,UNICA,PROM,"0,9750","0,9750",3.154.113,3.164.300,11,3,SA
27/01/2019,UNICA,PROM,"0,9750","0,9750",3.154.093,3.164.300,11,3,SA
28/01/2019,UNICA,PROM,"0,9750","0,9750",3.154.074,3.164.300,11,3,SA
29/01/2019,UNICA,PROM,"0,9750","0,9750",3.154.054,3.164.300,11,3,SA
30/01/2019,UNICA,PROM,"0,9749","0,9749",3.154.035,3.164.300,11,3,SA
31/01/2019,UNICA,PROM,"0,9238","0,9238",2.988.435,2.999.086,11,3,SA
01/02/2019,UNICA,PROM,"0,9238","0,9238",2.988.414,2.999.086,11,3,SA
02/02/2019,UNICA,PROM,"0,9237","0,9237",2.988.394,2.999.086,11,3,SA
03/02/2019,UNICA,PROM,"0,9237","0,9237",2.988.373,2.999.086,11,3,SA
04/02/2019,UNICA,PROM,"0,9237","0,9237",2.988.353,2.999.086,11,3,SA
05/02/2019,UNICA,PROM,"0,9237","0,9237",2.988.333,2.999.086,11,3,SA
06/02/2019,UNICA,PROM,"0,9237","0,9237",2.988.312,2.999.086,11,3,SA
07/02/2019,UNICA,PROM,"0,9237","0,9237",2.988.292,2.999.086,11,3,SA
08/02/2019,UNICA,PROM,"0,9237","0,9237",2.988.271,2.999.086,11,3,SA
09/02/2019,UNICA,PROM,"0,9237","0,9237",2.988.251,2.999.086,11,3,SA
10/02/2019,UNICA,PROM,"0,9237","0,9237",2.988.230,2.999.086,11,3,SA
11/02/2019,UNICA,PROM,"0,9237","0,9237",2.988.210,2.999.086,11,3,SA
12/02/2019,UNICA,PROM,"0,9237","0,9237",2.988.189,2.999.086,11,3,SA
13/02/2019,UNICA,PROM,"0,9237","0,9237",2.988.169,2.999.086,11,3,SA
14/02/2019,UNICA,PROM,"0,9237","0,9237",2.988.148,2.999.086,11,3,SA
15/02/2019,UNICA,PROM,"0,9237","0,9237",2.988.128,2.999.086,11,3,SA
16/02/2019,UNICA,PROM,"0,9237","0,9237",2.988.107,2.999.086,11,3,SA
17/02/2019,UNICA,PROM,"0,9237","0,9237",2.988.087,2.999.086,11,3,SA
18/02/2019,UNICA,PROM,"0,9236","0,9236",2.988.066,2.999.086,11,3,SA
19/02/2019,UNICA,PROM,"0,9236","0,9236",2.988.046,2.999.086,11,3,SA
20/02/2019,UNICA,PROM,"0,9236","0,9236",2.988.025,2.999.086,11,3,SA
21/02/2019,UNICA,PROM,"0,9236","0,9236",2.988.005,2.999.086,11,3,SA
22/02/2019,UNICA,PROM,"0,9236","0,9236",2.987.985,2.999.086,11,3,SA
23/02/2019,UNICA,PROM,"0,9236","0,9236",2.987.964,2.999.086,11,3,SA
24/02/2019,UNICA,PROM,"0,9236","0,9236",2.987.944,2.999.086,11,3,SA
25/02/2019,UNICA,PROM,"0,9236","0,9236",2.987.923,2.999.086,11,3,SA
26/02/2019,UNICA,PROM,"0,9236","0,9236",2.987.903,2.999.086,11,3,SA
27/02/2019,UNICA,PROM,"0,9236","0,9236",2.987.882,2.999.086,11,3,SA
28/02/2019,UNICA,PROM,"0,9236","0,9236",2.987.789,2.999.086,11,3,SA
01/03/2019,UNICA,PROM,"0,9236","0,9236",2.987.771,2.999.086,11,3,SA
02/03/2019,UNICA,PROM,"0,9235","0,9235",2.987.751,2.999.086,11,3,SA
03/03/2019,UNICA,PROM,"0,9235","0,9235",2.987.730,2.999.086,11,3,SA
04/03/2019,UNICA,PROM,"0,9235","0,9235",2.987.709,2.999.086,11,3,SA
05/03/2019,UNICA,PROM,"0,9235","0,9235",2.987.689,2.999.086,11,3,SA
06/03/2019,UNICA,PROM,"0,9235","0,9235",2.987.668,2.999.086,11,3,SA
07/03/2019,UNICA,PROM,"0,9235","0,9235",2.987.647,2.999.086,11,3,SA
08/03/2019,UNICA,PROM,"0,9235","0,9235",2.987.627,2.999.086,11,3,SA
09/03/2019,UNICA,PROM,"0,9235","0,9235",2.987.606,2.999.086,11,3,SA
10/03/2019,UNICA,PROM,"0,9235","0,9235",2.987.585,2.999.086,11,3,SA
11/03/2019,UNICA,PROM,"0,9235","0,9235",2.987.565,2.999.086,11,3,SA
12/03/2019,UNICA,PROM,"0,9235","0,9235",2.987.544,2.999.086,11,3,SA
13/03/2019,UNICA,PROM,"0,9235","0,9235",2.987.523,2.999.086,11,3,SA
14/03/2019,UNICA,PROM,"0,9235","0,9235",2.987.503,2.999.086,11,3,SA
15/03/2019,UNICA,PROM,"0,9235","0,9235",2.987.482,2.999.086,11,3,SA
16/03/2019,UNICA,PROM,"0,9235","0,9235",2.987.461,2.999.086,11,3,SA
17/03/2019,UNICA,PROM,"0,9235","0,9235",2.987.441,2.999.086,11,3,SA
18/03/2019,UNICA,PROM,"0,9234","0,9234",2.987.420,2.999.086,11,3,SA
19/03/2019,UNICA,PROM,"0,9234","0,9234",2.987.399,2.999.086,11,3,SA
20/03/2019,UNICA,PROM,"0,9234","0,9234",2.987.379,2.999.086,11,3,SA
21/03/2019,UNICA,PROM,"0,9234","0,9234",2.987.358,2.999.086,11,3,SA
22/03/2019,UNICA,PROM,"0,9234","0,9234",2.987.337,2.999.086,11,3,SA
23/03/2019,UNICA,PROM,"0,9234","0,9234",2.987.317,2.999.086,11,3,SA
24/03/2019,UNICA,PROM,"0,9234","0,9234",2.987.296,2.999.086,11,3,SA
25/03/2019,UNICA,PROM,"0,9234","0,9234",2.987.275,2.999.086,11,3,SA
26/03/2019,UNICA,PROM,"0,9234","0,9234",2.987.255,2.999.086,11,3,SA
27/03/2019,UNICA,PROM,"0,9234","0,9234",2.987.234,2.999.086,11,3,SA
28/03/2019,UNICA,PROM,"0,9234","0,9234",2.987.213,2.999.086,11,3,SA
29/03/2019,UNICA,PROM,"0,9234","0,9234",2.987.193,2.999.086,11,3,SA
30/03/2019,UNICA,PROM,"0,9234","0,9234",2.987.172,2.999.086,11,3,SA
31/03/2019,UNICA,PROM,"0,9235","0,9235",2.987.472,2.999.086,11,3,SA
01/04/2019,UNICA,PROM,"0,9235","0,9235",2.987.452,2.999.086,11,3,SA
02/04/2019,UNICA,PROM,"0,9234","0,9234",2.987.432,2.999.086,11,3,SA
03/04/2019,UNICA,PROM,"0,9234","0,9234",2.987.412,2.999.086,11,3,SA
04/04/2019,UNICA,PROM,"0,9234","0,9234",2.987.392,2.999.086,11,3,SA
05/04/2019,UNICA,PROM,"0,9234","0,9234",2.987.372,2.999.086,11,3,SA
06/04/2019,UNICA,PROM,"0,9234","0,9234",2.987.352,2.999.086,11,3,SA
07/04/2019,UNICA,PROM,"0,9234","0,9234",2.987.332,2.999.086,11,3,SA
08/04/2019,UNICA,PROM,"0,9234","0,9234",2.987.313,2.999.086,11,3,SA
09/04/2019,UNICA,PROM,"0,9234","0,9234",2.987.293,2.999.086,11,3,SA
10/04/2019,UNICA,PROM,"0,9234","0,9234",2.987.273,2.999.086,11,3,SA
11/04/2019,UNICA,PROM,"0,9234","0,9234",2.987.253,2.999.086,11,3,SA
12/04/2019,UNICA,PROM,"0,9234","0,9234",2.987.233,2.999.086,11,3,SA
13/04/2019,UNICA,PROM,"0,9234","0,9234",2.987.213,2.999.086,11,3,SA
14/04/2019,UNICA,PROM,"0,9234","0,9234",2.987.193,2.999.086,11,3,SA
15/04/2019,UNICA,PROM,"0,9234","0,9234",2.987.173,2.999.086,11,3,SA
16/04/2019,UNICA,PROM,"0,9234","0,9234",2.987.153,2.999.086,11,3,SA
17/04/2019,UNICA,PROM,"0,9234","0,9234",2.987.133,2.999.086,11,3,SA
18/04/2019,UNICA,PROM,"0,9234","0,9234",2.987.113,2.999.086,11,3,SA
19/04/2019,UNICA,PROM,"0,9233","0,9233",2.987.094,2.999.086,11,3,SA
20/04/2019,UNICA,PROM,"0,9233","0,9233",2.987.074,2.999.086,11,3,SA
21/04/2019,UNICA,PROM,"0,9233","0,9233",2.987.054,2.999.086,11,3,SA
22/04/2019,UNICA,PROM,"0,9233","0,9233",2.987.034,2.999.086,11,3,SA
23/04/2019,UNICA,PROM,"0,9233","0,9233",2.987.014,2.999.086,11,3,SA
24/04/2019,UNICA,PROM,"0,9233","0,9233",2.986.994,2.999.086,11,3,SA
25/04/2019,UNICA,PROM,"0,9233","0,9233",2.986.974,2.999.086,11,3,SA
26/04/2019,UNICA,PROM,"0,9233","0,9233",2.986.911,2.999.086,11,3,SA
27/04/2019,UNICA,PROM,"0,9233","0,9233",2.986.891,2.999.086,11,3,SA
28/04/2019,UNICA,PROM,"0,9233","0,9233",2.986.871,2.999.086,11,3,SA
29/04/2019,UNICA,PROM,"0,9725","0,9725",3.146.108,3.158.343,11,3,SA
30/04/2019,UNICA,PROM,"0,9725","0,9725",3.146.088,3.158.343,11,3,SA
01/05/2019,UNICA,PROM,"0,9725","0,9725",3.146.068,3.158.343,11,3,SA
02/05/2019,UNICA,PROM,"0,9725","0,9725",3.146.048,3.158.343,11,3,SA
03/05/2019,UNICA,PROM,"0,9725","0,9725",3.146.028,3.158.343,11,3,SA
04/05/2019,UNICA,PROM,"0,9725","0,9725",3.146.008,3.158.343,11,3,SA
05/05/2019,UNICA,PROM,"0,9725","0,9725",3.145.988,3.158.343,11,3,SA
06/05/2019,UNICA,PROM,"0,9725","0,9725",3.145.968,3.158.343,11,3,SA
07/05/2019,UNICA,PROM,"0,9724","0,9724",3.145.948,3.158.343,11,3,SA
08/05/2019,UNICA,PROM,"0,9724","0,9724",3.145.928,3.158.343,11,3,SA
09/05/2019,UNICA,PROM,"0,9724","0,9724",3.145.908,3.158.343,11,3,SA
10/05/2019,UNICA,PROM,"0,9724","0,9724",3.145.888,3.158.343,11,3,SA
11/05/2019,UNICA,PROM,"0,9724","0,9724",3.145.868,3.158.343,11,3,SA
12/05/2019,UNICA,PROM,"0,9724","0,9724",3.145.848,3.158.343,11,3,SA
13/05/2019,UNICA,PROM,"0,9724","0,9724",3.145.828,3.158.343,11,3,SA
14/05/2019,UNICA,PROM,"0,9724","0,9724",3.145.808,3.158.343,11,3,SA
15/05/2019,UNICA,PROM,"0,9724","0,9724",3.145.788,3.158.343,11,3,SA
16/05/2019,UNICA,PROM,"0,9724","0,9724",3.145.768,3.158.343,11,3,SA
17/05/2019,UNICA,PROM,"0,9724","0,9724",3.145.748,3.158.343,11,3,SA
18/05/2019,UNICA,PROM,"0,9724","0,9724",3.145.728,3.158.343,11,3,SA
19/05/2019,UNICA,PROM,"0,9724","0,9724",3.145.708,3.158.343,11,3,SA
20/05/2019,UNICA,PROM,"0,9724","0,9724",3.145.688,3.158.343,11,3,SA
21/05/2019,UNICA,PROM,"0,9724","0,9724",3.145.668,3.158.343,11,3,SA
22/05/2019,UNICA,PROM,"0,9724","0,9724",3.145.648,3.158.343,11,3,SA
23/05/2019,UNICA,PROM,"0,9723","0,9723",3.145.628,3.158.343,11,3,SA
24/05/2019,UNICA,PROM,"0,9723","0,9723",3.145.608,3.158.343,11,3,SA
25/05/2019,UNICA,PROM,"0,9723","0,9723",3.145.588,3.158.343,11,3,SA
26/05/2019,UNICA,PROM,"0,9723","0,9723",3.145.568,3.158.343,11,3,SA
27/05/2019,UNICA,PROM,"0,9723","0,9723",3.145.548,3.158.343,11,3,SA
28/05/2019,UNICA,PROM,"0,9723","0,9723",3.145.526,3.158.343,11,3,SA
29/05/2019,UNICA,PROM,"0,9723","0,9723",3.145.506,3.158.343,11,3,SA
30/05/2019,UNICA,PROM,"0,9723","0,9723",3.145.486,3.158.343,11,3,SA
31/05/2019,UNICA,PROM,"0,9723","0,9723",3.145.556,3.158.343,11,3,SA
01/06/2019,UNICA,PROM,"0,9723","0,9723",3.145.534,3.158.343,11,3,SA
02/06/2019,UNICA,PROM,"0,9723","0,9723",3.145.512,3.158.343,11,3,SA
03/06/2019,UNICA,PROM,"0,9723","0,9723",3.145.490,3.158.343,11,3,SA
04/06/2019,UNICA,PROM,"0,9723","0,9723",3.145.468,3.158.343,11,3,SA
05/06/2019,UNICA,PROM,"0,9723","0,9723",3.145.446,3.158.343,11,3,SA
06/06/2019,UNICA,PROM,"0,9723","0,9723",3.145.424,3.158.343,11,3,SA
07/06/2019,UNICA,PROM,"0,9723","0,9723",3.145.402,3.158.343,11,3,SA
08/06/2019,UNICA,PROM,"0,9723","0,9723",3.145.381,3.158.343,11,3,SA
09/06/2019,UNICA,PROM,"0,9723","0,9723",3.145.359,3.158.343,11,3,SA
10/06/2019,UNICA,PROM,"0,9723","0,9723",3.145.337,3.158.343,11,3,SA
11/06/2019,UNICA,PROM,"0,9723","0,9723",3.145.315,3.158.343,11,3,SA
12/06/2019,UNICA,PROM,"0,9722","0,9722",3.145.293,3.158.343,11,3,SA
13/06/2019,UNICA,PROM,"0,9722","0,9722",3.145.271,3.158.343,11,3,SA
14/06/2019,UNICA,PROM,"0,9722","0,9722",3.145.249,3.158.343,11,3,SA
15/06/2019,UNICA,PROM,"0,9722","0,9722",3.145.227,3.158.343,11,3,SA
16/06/2019,UNICA,PROM,"0,9722","0,9722",3.145.205,3.158.343,11,3,SA
17/06/2019,UNICA,PROM,"0,9722","0,9722",3.145.183,3.158.343,11,3,SA
18/06/2019,UNICA,PROM,"0,9722","0,9722",3.145.161,3.158.343,11,3,SA
19/06/2019,UNICA,PROM,"0,9722","0,9722",3.145.139,3.158.343,11,3,SA
20/06/2019,UNICA,PROM,"0,9722","0,9722",3.145.117,3.158.343,11,3,SA
21/06/2019,UNICA,PROM,"0,9722","0,9722",3.145.095,3.158.343,11,3,SA
22/06/2019,UNICA,PROM,"0,9722","0,9722",3.145.074,3.158.343,11,3,SA
23/06/2019,UNICA,PROM,"0,9722","0,9722",3.145.052,3.158.343,11,3,SA
24/06/2019,UNICA,PROM,"0,9722","0,9722",3.145.030,3.158.343,11,3,SA
25/06/2019,UNICA,PROM,"0,9722","0,9722",3.145.008,3.158.343,11,3,SA
26/06/2019,UNICA,PROM,"0,9721","0,9721",3.144.881,3.158.343,11,3,SA
27/06/2019,UNICA,PROM,"0,9721","0,9721",3.144.859,3.158.343,11,3,SA
28/06/2019,UNICA,PROM,"0,9721","0,9721",3.144.837,3.158.343,11,3,SA
29/06/2019,UNICA,PROM,"0,9721","0,9721",3.144.815,3.158.343,11,3,SA
30/06/2019,UNICA,PROM,"0,9719","0,9719",3.144.175,3.158.343,11,3,SA
01/07/2019,UNICA,PROM,"0,9719","0,9719",3.144.152,3.158.343,11,3,SA
02/07/2019,UNICA,PROM,"0,9719","0,9719",3.144.129,3.158.343,11,3,SA
03/07/2019,UNICA,PROM,"0,9719","0,9719",3.144.106,3.158.343,11,3,SA
04/07/2019,UNICA,PROM,"0,9719","0,9719",3.144.083,3.158.343,11,3,SA
05/07/2019,UNICA,PROM,"0,9719","0,9719",3.144.060,3.158.343,11,3,SA
06/07/2019,UNICA,PROM,"0,9719","0,9719",3.144.037,3.158.343,11,3,SA
07/07/2019,UNICA,PROM,"0,9719","0,9719",3.144.014,3.158.343,11,3,SA
08/07/2019,UNICA,PROM,"0,9718","0,9718",3.143.991,3.158.343,11,3,SA
09/07/2019,UNICA,PROM,"0,9718","0,9718",3.143.968,3.158.343,11,3,SA
10/07/2019,UNICA,PROM,"0,9718","0,9718",3.143.945,3.158.343,11,3,SA
11/07/2019,UNICA,PROM,"0,9718","0,9718",3.143.922,3.158.343,11,3,SA
12/07/2019,UNICA,PROM,"0,9718","0,9718",3.143.899,3.158.343,11,3,SA
13/07/2019,UNICA,PROM,"0,9718","0,9718",3.143.876,3.158.343,11,3,SA
14/07/2019,UNICA,PROM,"0,9718","0,9718",3.143.853,3.158.343,11,3,SA
15/07/2019,UNICA,PROM,"0,9718","0,9718",3.143.830,3.158.343,11,3,SA
16/07/2019,UNICA,PROM,"0,9718","0,9718",3.143.807,3.158.343,11,3,SA
17/07/2019,UNICA,PROM,"0,9718","0,9718",3.143.784,3.158.343,11,3,SA
18/07/2019,UNICA,PROM,"0,9718","0,9718",3.143.761,3.158.343,11,3,SA
19/07/2019,UNICA,PROM,"0,9718","0,9718",3.143.738,3.158.343,11,3,SA
20/07/2019,UNICA,PROM,"0,9718","0,9718",3.143.715,3.158.343,11,3,SA
21/07/2019,UNICA,PROM,"0,9718","0,9718",3.143.692,3.158.343,11,3,SA
22/07/2019,UNICA,PROM,"0,9717","0,9717",3.143.669,3.158.343,11,3,SA
23/07/2019,UNICA,PROM,"0,9717","0,9717",3.143.646,3.158.343,11,3,SA
24/07/2019,UNICA,PROM,"0,9717","0,9717",3.143.623,3.158.343,11,3,SA
25/07/2019,UNICA,PROM,"0,9717","0,9717",3.143.600,3.158.343,11,3,SA
26/07/2019,UNICA,PROM,"0,9717","0,9717",3.143.577,3.158.343,11,3,SA
27/07/2019,UNICA,PROM,"0,9717","0,9717",3.143.554,3.158.343,11,3,SA
28/07/2019,UNICA,PROM,"0,9717","0,9717",3.143.531,3.158.343,11,3,SA
29/07/2019,UNICA,PROM,"0,9256","0,9256",2.994.457,3.009.292,11,3,SA
30/07/2019,UNICA,PROM,"0,9256","0,9256",2.994.434,3.009.292,11,3,SA
31/07/2019,UNICA,PROM,"0,9257","0,9257",2.994.858,3.009.292,11,3,SA
01/08/2019,UNICA,PROM,"0,9257","0,9257",2.994.836,3.009.292,11,3,SA
02/08/2019,UNICA,PROM,"0,9257","0,9257",2.994.813,3.009.292,11,3,SA
03/08/2019,UNICA,PROM,"0,9257","0,9257",2.994.791,3.009.292,11,3,SA
04/08/2019,UNICA,PROM,"0,9257","0,9257",2.994.769,3.009.292,11,3,SA
05/08/2019,UNICA,PROM,"0,9257","0,9257",2.994.746,3.009.292,11,3,SA
06/08/2019,UNICA,PROM,"0,9257","0,9257",2.994.724,3.009.292,11,3,SA
07/08/2019,UNICA,PROM,"0,9257","0,9257",2.994.702,3.009.292,11,3,SA
08/08/2019,UNICA,PROM,"0,9257","0,9257",2.994.680,3.009.292,11,3,SA
09/08/2019,UNICA,PROM,"0,9257","0,9257",2.994.657,3.009.292,11,3,SA
10/08/2019,UNICA,PROM,"0,9257","0,9257",2.994.635,3.009.292,11,3,SA
11/08/2019,UNICA,PROM,"0,9257","0,9257",2.994.613,3.009.292,11,3,SA
12/08/2019,UNICA,PROM,"0,9257","0,9257",2.994.591,3.009.292,11,3,SA
13/08/2019,UNICA,PROM,"0,9257","0,9257",2.994.568,3.009.292,11,3,SA
14/08/2019,UNICA,PROM,"0,9256","0,9256",2.994.546,3.009.292,11,3,SA
15/08/2019,UNICA,PROM,"0,9256","0,9256",2.994.524,3.009.292,11,3,SA
16/08/2019,UNICA,PROM,"0,9256","0,9256",2.994.501,3.009.292,11,3,SA
17/08/2019,UNICA,PROM,"0,9256","0,9256",2.994.479,3.009.292,11,3,SA
18/08/2019,UNICA,PROM,"0,9256","0,9256",2.994.457,3.009.292,11,3,SA
19/08/2019,UNICA,PROM,"0,9256","0,9256",2.994.435,3.009.292,11,3,SA
20/08/2019,UNICA,PROM,"0,9256","0,9256",2.994.412,3.009.292,11,3,SA
21/08/2019,UNICA,PROM,"0,9256","0,9256",2.994.390,3.009.292,11,3,SA
22/08/2019,UNICA,PROM,"0,9256","0,9256",2.994.368,3.009.292,11,3,SA
23/08/2019,UNICA,PROM,"0,9256","0,9256",2.994.345,3.009.292,11,3,SA
24/08/2019,UNICA,PROM,"0,9256","0,9256",2.994.323,3.009.292,11,3,SA
25/08/2019,UNICA,PROM,"0,9256","0,9256",2.994.301,3.009.292,11,3,SA
26/08/2019,UNICA,PROM,"0,9255","0,9255",2.994.046,3.009.292,11,3,SA
27/08/2019,UNICA,PROM,"0,9255","0,9255",2.994.024,3.009.292,11,3,SA
28/08/2019,UNICA,PROM,"0,9255","0,9255",2.994.002,3.009.292,11,3,SA
29/08/2019,UNICA,PROM,"0,9255","0,9255",2.993.980,3.009.292,11,3,SA
30/08/2019,UNICA,PROM,"0,9255","0,9255",2.993.957,3.009.292,11,3,SA
31/08/2019,UNICA,PROM,"0,9256","0,9256",2.994.332,3.009.292,11,3,SA
01/09/2019,UNICA,PROM,"0,9256","0,9256",2.994.310,3.009.292,11,3,SA
02/09/2019,UNICA,PROM,"0,9256","0,9256",2.994.288,3.009.292,11,3,SA
03/09/2019,UNICA,PROM,"0,9256","0,9256",2.994.266,3.009.292,11,3,SA
04/09/2019,UNICA,PROM,"0,9256","0,9256",2.994.245,3.009.292,11,3,SA
05/09/2019,UNICA,PROM,"0,9255","0,9255",2.994.223,3.009.292,11,3,SA
06/09/2019,UNICA,PROM,"0,9255","0,9255",2.994.201,3.009.292,11,3,SA
07/09/2019,UNICA,PROM,"0,9255","0,9255",2.994.179,3.009.292,11,3,SA
08/09/2019,UNICA,PROM,"0,9255","0,9255",2.994.158,3.009.292,11,3,SA
09/09/2019,UNICA,PROM,"0,9255","0,9255",2.994.136,3.009.292,11,3,SA
10/09/2019,UNICA,PROM,"0,9255","0,9255",2.994.114,3.009.292,11,3,SA
11/09/2019,UNICA,PROM,"0,9255","0,9255",2.994.092,3.009.292,11,3,SA
12/09/2019,UNICA,PROM,"0,9255","0,9255",2.994.071,3.009.292,11,3,SA
13/09/2019,UNICA,PROM,"0,9255","0,9255",2.994.049,3.009.292,11,3,SA
14/09/2019,UNICA,PROM,"0,9255","0,9255",2.994.027,3.009.292,11,3,SA
15/09/2019,UNICA,PROM,"0,9255","0,9255",2.994.005,3.009.292,11,3,SA
16/09/2019,UNICA,PROM,"0,9255","0,9255",2.993.984,3.009.292,11,3,SA
17/09/2019,UNICA,PROM,"0,9255","0,9255",2.993.962,3.009.292,11,3,SA
18/09/2019,UNICA,PROM,"0,9255","0,9255",2.993.940,3.009.292,11,3,SA
19/09/2019,UNICA,PROM,"0,9255","0,9255",2.993.918,3.009.292,11,3,SA
20/09/2019,UNICA,PROM,"0,9254","0,9254",2.993.897,3.009.292,11,3,SA
21/09/2019,UNICA,PROM,"0,9254","0,9254",2.993.875,3.009.292,11,3,SA
22/09/2019,UNICA,PROM,"0,9254","0,9254",2.993.853,3.009.292,11,3,SA
23/09/2019,UNICA,PROM,"0,9254","0,9254",2.993.831,3.009.292,11,3,SA
24/09/2019,UNICA,PROM,"0,9254","0,9254",2.993.810,3.009.292,11,3,SA
25/09/2019,UNICA,PROM,"0,9254","0,9254",2.993.788,3.009.292,11,3,SA
26/09/2019,UNICA,PROM,"0,9254","0,9254",2.993.766,3.009.292,11,3,SA
27/09/2019,UNICA,PROM,"0,9254","0,9254",2.993.744,3.009.292,11,3,SA
28/09/2019,UNICA,PROM,"0,9254","0,9254",2.993.723,3.009.292,11,3,SA
29/09/2019,UNICA,PROM,"0,9254","0,9254",2.993.701,3.009.292,11,3,SA
30/09/2019,UNICA,PROM,"0,9254","0,9254",2.993.838,3.009.292,11,3,SA
01/10/2019,UNICA,PROM,"0,9254","0,9254",2.993.816,3.009.292,11,3,SA
02/10/2019,UNICA,PROM,"0,9254","0,9254",2.993.795,3.009.292,11,3,SA
03/10/2019,UNICA,PROM,"0,9254","0,9254",2.993.773,3.009.292,11,3,SA
04/10/2019,UNICA,PROM,"0,9254","0,9254",2.993.752,3.009.292,11,3,SA
05/10/2019,UNICA,PROM,"0,9254","0,9254",2.993.730,3.009.292,11,3,SA
06/10/2019,UNICA,PROM,"0,9254","0,9254",2.993.709,3.009.292,11,3,SA
07/10/2019,UNICA,PROM,"0,9254","0,9254",2.993.687,3.009.292,11,3,SA
08/10/2019,UNICA,PROM,"0,9254","0,9254",2.993.666,3.009.292,11,3,SA
09/10/2019,UNICA,PROM,"0,9254","0,9254",2.993.644,3.009.292,11,3,SA
10/10/2019,UNICA,PROM,"0,9254","0,9254",2.993.623,3.009.292,11,3,SA
11/10/2019,UNICA,PROM,"0,9254","0,9254",2.993.601,3.009.292,11,3,SA
12/10/2019,UNICA,PROM,"0,9253","0,9253",2.993.579,3.009.292,11,3,SA
13/10/2019,UNICA,PROM,"0,9253","0,9253",2.993.558,3.009.292,11,3,SA
14/10/2019,UNICA,PROM,"0,9253","0,9253",2.993.536,3.009.292,11,3,SA
15/10/2019,UNICA,PROM,"0,9253","0,9253",2.993.515,3.009.292,11,3,SA
16/10/2019,UNICA,PROM,"0,9253","0,9253",2.993.493,3.009.292,11,3,SA
17/10/2019,UNICA,PROM,"0,9253","0,9253",2.993.472,3.009.292,11,3,SA
18/10/2019,UNICA,PROM,"0,9253","0,9253",2.993.450,3.009.292,11,3,SA
19/10/2019,UNICA,PROM,"0,9253","0,9253",2.993.429,3.009.292,11,3,SA
20/10/2019,UNICA,PROM,"0,9253","0,9253",2.993.407,3.009.292,11,3,SA
21/10/2019,UNICA,PROM,"0,9253","0,9253",2.993.385,3.009.292,11,3,SA
22/10/2019,UNICA,PROM,"0,9253","0,9253",2.993.364,3.009.292,11,3,SA
23/10/2019,UNICA,PROM,"0,9253","0,9253",2.993.342,3.009.292,11,3,SA
24/10/2019,UNICA,PROM,"0,9253","0,9253",2.993.321,3.009.292,11,3,SA
25/10/2019,UNICA,PROM,"0,9253","0,9253",2.993.299,3.009.292,11,3,SA
26/10/2019,UNICA,PROM,"0,9253","0,9253",2.993.278,3.009.292,11,3,SA
27/10/2019,UNICA,PROM,"0,9252","0,9252",2.993.256,3.009.292,11,3,SA
28/10/2019,UNICA,PROM,"0,9252","0,9252",2.993.235,3.009.292,11,3,SA
29/10/2019,UNICA,PROM,"0,9252","0,9252",2.993.213,3.009.292,11,3,SA
30/10/2019,UNICA,PROM,"0,9252","0,9252",2.993.192,3.009.292,11,3,SA
31/10/2019,UNICA,PROM,"0,9253","0,9253",2.993.314,3.009.292,11,3,SA
01/11/2019,UNICA,PROM,"0,9253","0,9253",2.993.292,3.009.292,11,3,SA
02/11/2019,UNICA,PROM,"0,9253","0,9253",2.993.271,3.009.292,11,3,SA
03/11/2019,UNICA,PROM,"0,9252","0,9252",2.993.250,3.009.292,11,3,SA
04/11/2019,UNICA,PROM,"0,8454","0,8454",2.735.059,2.751.123,11,3,SA
05/11/2019,UNICA,PROM,"0,8454","0,8454",2.735.038,2.751.123,11,3,SA
06/11/2019,UNICA,PROM,"0,8454","0,8454",2.735.017,2.751.123,11,3,SA
07/11/2019,UNICA,PROM,"0,8454","0,8454",2.734.995,2.751.123,11,3,SA
08/11/2019,UNICA,PROM,"0,8454","0,8454",2.734.974,2.751.123,11,3,SA
09/11/2019,UNICA,PROM,"0,8454","0,8454",2.734.953,2.751.123,11,3,SA
10/11/2019,UNICA,PROM,"0,8454","0,8454",2.734.932,2.751.123,11,3,SA
11/11/2019,UNICA,PROM,"0,8454","0,8454",2.734.910,2.751.123,11,3,SA
12/11/2019,UNICA,PROM,"0,8454","0,8454",2.734.889,2.751.123,11,3,SA
13/11/2019,UNICA,PROM,"0,8454","0,8454",2.734.868,2.751.123,11,3,SA
14/11/2019,UNICA,PROM,"0,8454","0,8454",2.734.846,2.751.123,11,3,SA
15/11/2019,UNICA,PROM,"0,8454","0,8454",2.734.825,2.751.123,11,3,SA
16/11/2019,UNICA,PROM,"0,8454","0,8454",2.734.804,2.751.123,11,3,SA
17/11/2019,UNICA,PROM,"0,8454","0,8454",2.734.782,2.751.123,11,3,SA
18/11/2019,UNICA,PROM,"0,8453","0,8453",2.734.761,2.751.123,11,3,SA
19/11/2019,UNICA,PROM,"0,8453","0,8453",2.734.740,2.751.123,11,3,SA
20/11/2019,UNICA,PROM,"0,8453","0,8453",2.734.719,2.751.123,11,3,SA
21/11/2019,UNICA,PROM,"0,8453","0,8453",2.734.697,2.751.123,11,3,SA
22/11/2019,UNICA,PROM,"0,8453","0,8453",2.734.676,2.751.123,9,3,SA
23/11/2019,UNICA,PROM,"0,8453","0,8453",2.734.655,2.751.123,9,3,SA
24/11/2019,UNICA,PROM,"0,8453","0,8453",2.734.633,2.751.123,9,3,SA
25/11/2019,UNICA,PROM,"0,8453","0,8453",2.734.612,2.751.123,9,3,SA
26/11/2019,UNICA,PROM,"0,8453","0,8453",2.734.591,2.751.123,9,3,SA
27/11/2019,UNICA,PROM,"0,8453","0,8453",2.734.569,2.751.123,9,3,SA
28/11/2019,UNICA,PROM,"0,8453","0,8453",2.734.548,2.751.123,9,3,SA
29/11/2019,UNICA,PROM,"0,8453","0,8453",2.734.527,2.751.123,9,3,SA
30/11/2019,UNICA,PROM,"0,8457","0,8457",2.736.022,2.751.123,9,3,SA
01/12/2019,UNICA,PROM,"0,8457","0,8457",2.736.002,2.751.123,9,3,SA
02/12/2019,UNICA,PROM,"0,8457","0,8457",2.735.983,2.751.123,9,3,SA
03/12/2019,UNICA,PROM,"0,8457","0,8457",2.735.964,2.751.123,9,3,SA
04/12/2019,UNICA,PROM,"0,8457","0,8457",2.735.944,2.751.123,9,3,SA
05/12/2019,UNICA,PROM,"0,8457","0,8457",2.735.925,2.751.123,9,3,SA
06/12/2019,UNICA,PROM,"0,8457","0,8457",2.735.905,2.751.123,9,3,SA
07/12/2019,UNICA,PROM,"0,8457","0,8457",2.735.886,2.751.123,9,3,SA
08/12/2019,UNICA,PROM,"0,8457","0,8457",2.735.866,2.751.123,9,3,SA
09/12/2019,UNICA,PROM,"0,8457","0,8457",2.735.847,2.751.123,9,3,SA
10/12/2019,UNICA,PROM,"0,8457","0,8457",2.735.827,2.751.123,9,3,SA
11/12/2019,UNICA,PROM,"0,8457","0,8457",5.923.250,5.938.566,12,3,SA
12/12/2019,UNICA,PROM,"0,8457","0,8457",5.923.230,5.938.566,12,3,SA
13/12/2019,UNICA,PROM,"0,8457","0,8457",5.923.209,5.938.566,12,3,SA
14/12/2019,UNICA,PROM,"0,8457","0,8457",5.923.189,5.938.566,12,3,SA
15/12/2019,UNICA,PROM,"0,8457","0,8457",5.923.168,5.938.566,12,3,SA
16/12/2019,UNICA,PROM,"0,8457","0,8457",5.923.148,5.938.566,12,3,SA
17/12/2019,UNICA,PROM,"0,8457","0,8457",5.923.127,5.938.566,12,3,SA
18/12/2019,UNICA,PROM,"0,8457","0,8457",5.923.107,5.938.566,12,3,SA
19/12/2019,UNICA,PROM,"0,8457","0,8457",5.923.086,5.938.566,12,3,SA
20/12/2019,UNICA,PROM,"0,8457","0,8457",5.923.066,5.938.566,12,3,SA
21/12/2019,UNICA,PROM,"0,8457","0,8457",5.923.045,5.938.566,12,3,SA
22/12/2019,UNICA,PROM,"0,8457","0,8457",5.923.025,5.938.566,12,3,SA
23/12/2019,UNICA,PROM,"0,8457","0,8457",5.923.004,5.938.566,12,3,SA
24/12/2019,UNICA,PROM,"0,8456","0,8456",5.922.984,5.938.566,12,3,SA
25/12/2019,UNICA,PROM,"0,8456","0,8456",5.922.963,5.938.566,12,3,SA
26/12/2019,UNICA,PROM,"0,8456","0,8456",5.922.943,5.938.566,10,3,SA
27/12/2019,UNICA,PROM,"0,8456","0,8456",5.922.922,5.938.566,10,3,SA
28/12/2019,UNICA,PROM,"0,8456","0,8456",5.922.902,5.938.566,10,3,SA
29/12/2019,UNICA,PROM,"0,8456","0,8456",5.922.881,5.938.566,10,3,SA
30/12/2019,UNICA,PROM,"0,8456","0,8456",5.922.861,5.938.566,10,3,SA
31/12/2019,UNICA,PROM,"0,8454","0,8454",5.921.532,5.938.566,10,3,SA
01/01/2020,UNICA,PROM,"0,8454","0,8454",5.921.510,5.938.566,10,3,SA
02/01/2020,UNICA,PROM,"0,8454","0,8454",5.921.489,5.938.566,10,3,SA
03/01/2020,UNICA,PROM,"0,8454","0,8454",5.921.468,5.938.566,10,3,SA
04/01/2020,UNICA,PROM,"0,8454","0,8454",5.921.447,5.938.566,10,3,SA
05/01/2020,UNICA,PROM,"0,8454","0,8454",5.921.426,5.938.566,10,3,SA
06/01/2020,UNICA,PROM,"0,8454","0,8454",5.921.404,5.938.566,10,3,SA
07/01/2020,UNICA,PROM,"0,8454","0,8454",5.921.383,5.938.566,10,3,SA
08/01/2020,UNICA,PROM,"0,8454","0,8454",5.921.362,5.938.566,10,3,SA
09/01/2020,UNICA,PROM,"0,8454","0,8454",5.921.341,5.938.566,10,3,SA
10/01/2020,UNICA,PROM,"0,8454","0,8454",5.921.319,5.938.566,10,3,SA
11/01/2020,UNICA,PROM,"0,8454","0,8454",5.921.298,5.938.566,10,3,SA
12/01/2020,UNICA,PROM,"0,8454","0,8454",5.921.277,5.938.566,10,3,SA
13/01/2020,UNICA,PROM,"0,8454","0,8454",5.921.256,5.938.566,10,3,SA
14/01/2020,UNICA,PROM,"0,8454","0,8454",5.921.234,5.938.566,10,3,SA
15/01/2020,UNICA,PROM,"0,8454","0,8454",5.921.213,5.938.566,10,3,SA
16/01/2020,UNICA,PROM,"0,8454","0,8454",5.921.192,5.938.566,10,3,SA
17/01/2020,UNICA,PROM,"0,8454","0,8454",5.921.171,5.938.566,10,3,SA
18/01/2020,UNICA,PROM,"0,8454","0,8454",5.921.150,5.938.566,10,3,SA
19/01/2020,UNICA,PROM,"0,8454","0,8454",5.921.128,5.938.566,10,3,SA
20/01/2020,UNICA,PROM,"0,8454","0,8454",5.921.107,5.938.566,10,3,SA
21/01/2020,UNICA,PROM,"0,8454","0,8454",5.921.086,5.938.566,10,3,SA
22/01/2020,UNICA,PROM,"0,8454","0,8454",5.921.065,5.938.566,10,3,SA
23/01/2020,UNICA,PROM,"0,8454","0,8454",5.921.043,5.938.566,10,3,SA
24/01/2020,UNICA,PROM,"0,8454","0,8454",5.921.022,5.938.566,10,3,SA
25/01/2020,UNICA,PROM,"0,8454","0,8454",5.921.001,5.938.566,10,3,SA
26/01/2020,UNICA,PROM,"0,8454","0,8454",5.920.980,5.938.566,10,3,SA
27/01/2020,UNICA,PROM,"0,8454","0,8454",5.920.959,5.938.566,10,3,SA
28/01/2020,UNICA,PROM,"0,8454","0,8454",5.920.937,5.938.566,9,3,SA
29/01/2020,UNICA,PROM,"0,8454","0,8454",5.920.916,5.938.566,9,3,SA
30/01/2020,UNICA,PROM,"0,8453","0,8453",5.920.895,5.938.566,9,3,SA
31/01/2020,UNICA,PROM,"0,8761","0,8761",6.136.304,6.153.241,9,3,SA
01/02/2020,UNICA,PROM,"0,8761","0,8761",6.136.284,6.153.241,9,3,SA
02/02/2020,UNICA,PROM,"0,8761","0,8761",6.136.264,6.153.241,9,3,SA
03/02/2020,UNICA,PROM,"0,8761","0,8761",6.136.244,6.153.241,9,3,SA
04/02/2020,UNICA,PROM,"0,8761","0,8761",6.136.224,6.153.241,9,3,SA
05/02/2020,UNICA,PROM,"0,8761","0,8761",6.136.203,6.153.241,9,3,SA
06/02/2020,UNICA,PROM,"0,8761","0,8761",6.136.183,6.153.241,9,3,SA
07/02/2020,UNICA,PROM,"0,8761","0,8761",6.136.163,6.153.241,9,3,SA
08/02/2020,UNICA,PROM,"0,8761","0,8761",6.136.143,6.153.241,9,3,SA
09/02/2020,UNICA,PROM,"0,8761","0,8761",6.136.123,6.153.241,9,3,SA
10/02/2020,UNICA,PROM,"0,8761","0,8761",6.136.103,6.153.241,9,3,SA
11/02/2020,UNICA,PROM,"0,8761","0,8761",6.136.083,6.153.241,9,3,SA
12/02/2020,UNICA,PROM,"0,8761","0,8761",6.136.063,6.153.241,9,3,SA
13/02/2020,UNICA,PROM,"0,8761","0,8761",6.136.043,6.153.241,9,3,SA
14/02/2020,UNICA,PROM,"0,8761","0,8761",6.136.023,6.153.241,9,3,SA
15/02/2020,UNICA,PROM,"0,8761","0,8761",6.136.002,6.153.241,9,3,SA
16/02/2020,UNICA,PROM,"0,8761","0,8761",6.135.982,6.153.241,9,3,SA
17/02/2020,UNICA,PROM,"0,8761","0,8761",6.135.962,6.153.241,9,3,SA
18/02/2020,UNICA,PROM,"0,8761","0,8761",6.135.942,6.153.241,9,3,SA
19/02/2020,UNICA,PROM,"0,8760","0,8760",6.135.922,6.153.241,9,3,SA
20/02/2020,UNICA,PROM,"0,8760","0,8760",6.135.902,6.153.241,9,3,SA
21/02/2020,UNICA,PROM,"0,8760","0,8760",6.135.882,6.153.241,9,3,SA
22/02/2020,UNICA,PROM,"0,8760","0,8760",6.135.862,6.153.241,9,3,SA
23/02/2020,UNICA,PROM,"0,8760","0,8760",6.135.842,6.153.241,9,3,SA
24/02/2020,UNICA,PROM,"0,8760","0,8760",6.135.822,6.153.241,9,3,SA
25/02/2020,UNICA,PROM,"0,8760","0,8760",6.135.801,6.153.241,9,3,SA
26/02/2020,UNICA,PROM,"0,8760","0,8760",6.135.781,6.153.241,9,3,SA
27/02/2020,UNICA,PROM,"0,8760","0,8760",6.135.910,6.153.241,9,3,SA
28/02/2020,UNICA,PROM,"0,8760","0,8760",6.135.890,6.153.241,9,3,SA
29/02/2020,UNICA,PROM,"0,8761","0,8761",6.136.165,6.153.241,9,3,SA
01/03/2020,UNICA,PROM,"0,8761","0,8761",6.136.145,6.153.241,9,3,SA
02/03/2020,UNICA,PROM,"0,8761","0,8761",6.136.125,6.153.241,9,3,SA
03/03/2020,UNICA,PROM,"0,8761","0,8761",6.136.106,6.153.241,9,3,SA
04/03/2020,UNICA,PROM,"0,8761","0,8761",6.136.086,6.153.241,9,3,SA
05/03/2020,UNICA,PROM,"0,8761","0,8761",6.136.066,6.153.241,9,3,SA
06/03/2020,UNICA,PROM,"0,8761","0,8761",6.136.046,6.153.241,9,3,SA
07/03/2020,UNICA,PROM,"0,8761","0,8761",6.136.027,6.153.241,9,3,SA
08/03/2020,UNICA,PROM,"0,8761","0,8761",6.136.007,6.153.241,9,3,SA
09/03/2020,UNICA,PROM,"0,8761","0,8761",6.135.987,6.153.241,9,3,SA
10/03/2020,UNICA,PROM,"0,8761","0,8761",6.135.967,6.153.241,9,3,SA
11/03/2020,UNICA,PROM,"0,8761","0,8761",6.135.948,6.153.241,9,3,SA
12/03/2020,UNICA,PROM,"0,8761","0,8761",6.135.928,6.153.241,9,3,SA
13/03/2020,UNICA,PROM,"0,8760","0,8760",6.135.908,6.153.241,9,3,SA
14/03/2020,UNICA,PROM,"0,8760","0,8760",6.135.888,6.153.241,9,3,SA
15/03/2020,UNICA,PROM,"0,8760","0,8760",6.135.869,6.153.241,9,3,SA
16/03/2020,UNICA,PROM,"0,8760","0,8760",6.135.849,6.153.241,9,3,SA
17/03/2020,UNICA,PROM,"0,8760","0,8760",6.135.829,6.153.241,9,3,SA
18/03/2020,UNICA,PROM,"0,8760","0,8760",6.135.809,6.153.241,9,3,SA
19/03/2020,UNICA,PROM,"0,8760","0,8760",6.135.790,6.153.241,9,3,SA
20/03/2020,UNICA,PROM,"0,8760","0,8760",6.135.770,6.153.241,9,3,SA
21/03/2020,UNICA,PROM,"0,8760","0,8760",6.135.750,6.153.241,9,3,SA
22/03/2020,UNICA,PROM,"0,8760","0,8760",6.135.730,6.153.241,9,3,SA
23/03/2020,UNICA,PROM,"0,8760","0,8760",6.135.711,6.153.241,9,3,SA
24/03/2020,UNICA,PROM,"0,8760","0,8760",6.135.691,6.153.241,9,3,SA
25/03/2020,UNICA,PROM,"0,8760","0,8760",6.135.671,6.153.241,9,3,SA
26/03/2020,UNICA,PROM,"0,8760","0,8760",6.135.651,6.153.241,9,3,SA
27/03/2020,UNICA,PROM,"0,8760","0,8760",6.135.632,6.153.241,9,3,SA
28/03/2020,UNICA,PROM,"0,8760","0,8760",6.135.612,6.153.241,9,3,SA
29/03/2020,UNICA,PROM,"0,8760","0,8760",6.135.592,6.153.241,9,3,SA
30/03/2020,UNICA,PROM,"0,8760","0,8760",6.135.572,6.153.241,9,3,SA
31/03/2020,UNICA,PROM,"0,8760","0,8760",9.961.411,9.978.558,12,3,SA
01/04/2020,UNICA,PROM,"0,8760","0,8760",9.961.391,9.978.558,12,3,SA
02/04/2020,UNICA,PROM,"0,8760","0,8760",9.961.370,9.978.558,12,3,SA
03/04/2020,UNICA,PROM,"0,8760","0,8760",9.961.350,9.978.558,12,3,SA
04/04/2020,UNICA,PROM,"0,8760","0,8760",9.961.330,9.978.558,12,3,SA
05/04/2020,UNICA,PROM,"0,8760","0,8760",9.961.309,9.978.558,12,3,SA
06/04/2020,UNICA,PROM,"0,8760","0,8760",9.961.289,9.978.558,12,3,SA
07/04/2020,UNICA,PROM,"0,8760","0,8760",9.961.268,9.978.558,12,3,SA
08/04/2020,UNICA,PROM,"0,8760","0,8760",9.961.248,9.978.558,12,3,SA
09/04/2020,UNICA,PROM,"0,8760","0,8760",9.961.228,9.978.558,12,3,SA
10/04/2020,UNICA,PROM,"0,8760","0,8760",9.961.207,9.978.558,12,3,SA
11/04/2020,UNICA,PROM,"0,8760","0,8760",9.961.187,9.978.558,12,3,SA
12/04/2020,UNICA,PROM,"0,8760","0,8760",9.961.167,9.978.558,12,3,SA
13/04/2020,UNICA,PROM,"0,8760","0,8760",9.961.146,9.978.558,12,3,SA
14/04/2020,UNICA,PROM,"0,8760","0,8760",9.961.126,9.978.558,12,3,SA
15/04/2020,UNICA,PROM,"0,8760","0,8760",9.961.105,9.978.558,12,3,SA
16/04/2020,UNICA,PROM,"0,8760","0,8760",9.961.060,9.978.533,12,3,SA
17/04/2020,UNICA,PROM,"0,8760","0,8760",9.961.040,9.978.533,12,3,SA
18/04/2020,UNICA,PROM,"0,8760","0,8760",9.961.019,9.978.533,12,3,SA
19/04/2020,UNICA,PROM,"0,8760","0,8760",9.960.999,9.978.533,12,3,SA
20/04/2020,UNICA,PROM,"0,8760","0,8760",9.960.978,9.978.533,12,3,SA
21/04/2020,UNICA,PROM,"0,8760","0,8760",9.960.958,9.978.533,12,3,SA
22/04/2020,UNICA,PROM,"0,8760","0,8760",9.960.938,9.978.533,12,3,SA
23/04/2020,UNICA,PROM,"0,8760","0,8760",9.960.917,9.978.533,12,3,SA
24/04/2020,UNICA,PROM,"0,8760","0,8760",9.960.897,9.978.533,12,3,SA
25/04/2020,UNICA,PROM,"0,8760","0,8760",9.960.876,9.978.533,12,3,SA
26/04/2020,UNICA,PROM,"0,8760","0,8760",9.960.856,9.978.533,12,3,SA
27/04/2020,UNICA,PROM,"0,8760","0,8760",9.961.137,9.978.533,12,3,SA
28/04/2020,UNICA,PROM,"0,8760","0,8760",9.961.117,9.978.533,12,3,SA
29/04/2020,UNICA,PROM,"0,8760","0,8760",9.961.097,9.978.533,12,3,SA
30/04/2020,UNICA,PROM,"0,7236","0,7236",8.228.225,8.245.975,12,3,SA
01/05/2020,UNICA,PROM,"0,7236","0,7236",8.228.204,8.245.975,12,3,SA
02/05/2020,UNICA,PROM,"0,7236","0,7236",8.228.184,8.245.975,12,3,SA
03/05/2020,UNICA,PROM,"0,7236","0,7236",8.228.164,8.245.975,12,3,SA
04/05/2020,UNICA,PROM,"0,7236","0,7236",8.228.144,8.245.975,12,3,SA
05/05/2020,UNICA,PROM,"0,7236","0,7236",8.228.124,8.245.975,12,3,SA
06/05/2020,UNICA,PROM,"0,7236","0,7236",8.228.103,8.245.975,12,3,SA
07/05/2020,UNICA,PROM,"0,7236","0,7236",8.228.083,8.245.975,12,3,SA
08/05/2020,UNICA,PROM,"0,7236","0,7236",8.228.063,8.245.975,12,3,SA
09/05/2020,UNICA,PROM,"0,7236","0,7236",8.228.043,8.245.975,12,3,SA
10/05/2020,UNICA,PROM,"0,7236","0,7236",8.228.023,8.245.975,12,3,SA
11/05/2020,UNICA,PROM,"0,7236","0,7236",8.228.003,8.245.975,12,3,SA
12/05/2020,UNICA,PROM,"0,7236","0,7236",8.227.982,8.245.975,12,3,SA
13/05/2020,UNICA,PROM,"0,7236","0,7236",8.227.962,8.245.975,10,3,SA
14/05/2020,UNICA,PROM,"0,7236","0,7236",8.227.942,8.245.975,10,3,SA
15/05/2020,UNICA,PROM,"0,7236","0,7236",8.227.922,8.245.975,9,3,SA
16/05/2020,UNICA,PROM,"0,7236","0,7236",8.227.902,8.245.975,9,3,SA
17/05/2020,UNICA,PROM,"0,7236","0,7236",8.227.881,8.245.975,9,3,SA
18/05/2020,UNICA,PROM,"0,7236","0,7236",8.227.861,8.245.975,9,3,SA
19/05/2020,UNICA,PROM,"0,7236","0,7236",8.227.841,8.245.975,9,3,SA
20/05/2020,UNICA,PROM,"0,7236","0,7236",8.227.821,8.245.975,9,3,SA
21/05/2020,UNICA,PROM,"0,7236","0,7236",8.227.801,8.245.975,9,3,SA
22/05/2020,UNICA,PROM,"0,7236","0,7236",8.227.781,8.245.975,9,3,SA
23/05/2020,UNICA,PROM,"0,7236","0,7236",8.227.760,8.245.975,9,3,SA
24/05/2020,UNICA,PROM,"0,7236","0,7236",8.227.740,8.245.975,9,3,SA
25/05/2020,UNICA,PROM,"0,7236","0,7236",8.227.720,8.245.975,9,3,SA
26/05/2020,UNICA,PROM,"0,7236","0,7236",8.227.700,8.245.975,9,3,SA
27/05/2020,UNICA,PROM,"0,7236","0,7236",8.227.680,8.245.975,9,3,SA
28/05/2020,UNICA,PROM,"0,7236","0,7236",8.227.659,8.245.975,9,3,SA
29/05/2020,UNICA,PROM,"0,7236","0,7236",8.227.639,8.245.975,9,3,SA
30/05/2020,UNICA,PROM,"0,7236","0,7236",8.227.619,8.245.975,9,3,SA
31/05/2020,UNICA,PROM,"0,7235","0,7235",8.226.935,8.245.975,9,3,SA
01/06/2020,UNICA,PROM,"0,7235","0,7235",8.226.915,8.245.975,9,3,SA
02/06/2020,UNICA,PROM,"0,7235","0,7235",8.226.894,8.245.975,9,3,SA
03/06/2020,UNICA,PROM,"0,7235","0,7235",8.226.873,8.245.975,9,3,SA
04/06/2020,UNICA,PROM,"0,7235","0,7235",8.226.852,8.245.975,9,3,SA
05/06/2020,UNICA,PROM,"0,7235","0,7235",8.226.831,8.245.975,9,3,SA
06/06/2020,UNICA,PROM,"0,7235","0,7235",8.226.810,8.245.975,9,3,SA
07/06/2020,UNICA,PROM,"0,7235","0,7235",8.226.789,8.245.975,9,3,SA
08/06/2020,UNICA,PROM,"0,7235","0,7235",8.226.769,8.245.975,9,3,SA
09/06/2020,UNICA,PROM,"0,7235","0,7235",8.226.748,8.245.975,9,3,SA
10/06/2020,UNICA,PROM,"0,7235","0,7235",8.226.727,8.245.975,9,3,SA
11/06/2020,UNICA,PROM,"0,7235","0,7235",8.226.706,8.245.975,9,3,SA
12/06/2020,UNICA,PROM,"0,7235","0,7235",8.226.685,8.245.975,9,3,SA
13/06/2020,UNICA,PROM,"0,7235","0,7235",8.226.664,8.245.975,9,3,SA
14/06/2020,UNICA,PROM,"0,7235","0,7235",8.226.643,8.245.975,9,3,SA
15/06/2020,UNICA,PROM,"0,7235","0,7235",8.226.622,8.245.975,9,3,SA
16/06/2020,UNICA,PROM,"0,7235","0,7235",8.226.602,8.245.975,9,3,SA
17/06/2020,UNICA,PROM,"0,7235","0,7235",8.226.581,8.245.975,9,3,SA
18/06/2020,UNICA,PROM,"0,7235","0,7235",8.226.560,8.245.975,9,3,SA
19/06/2020,UNICA,PROM,"0,7235","0,7235",8.226.539,8.245.975,9,3,SA
20/06/2020,UNICA,PROM,"0,7235","0,7235",8.226.518,8.245.975,9,3,SA
21/06/2020,UNICA,PROM,"0,7235","0,7235",8.226.497,8.245.975,9,3,SA
22/06/2020,UNICA,PROM,"0,7235","0,7235",8.226.476,8.245.975,9,3,SA
23/06/2020,UNICA,PROM,"0,7235","0,7235",8.226.455,8.245.975,9,3,SA
24/06/2020,UNICA,PROM,"0,7235","0,7235",8.226.435,8.245.975,9,3,SA
25/06/2020,UNICA,PROM,"0,7235","0,7235",8.226.414,8.245.975,9,3,SA
26/06/2020,UNICA,PROM,"0,7235","0,7235",8.226.391,8.245.975,9,3,SA
27/06/2020,UNICA,PROM,"0,7235","0,7235",8.226.370,8.245.975,9,3,SA
28/06/2020,UNICA,PROM,"0,7235","0,7235",8.226.349,8.245.975,9,3,SA
29/06/2020,UNICA,PROM,"0,7235","0,7235",8.226.328,8.245.975,9,3,SA
30/06/2020,UNICA,PROM,"0,7231","0,7231",8.222.099,8.245.975,9,3,SA
01/07/2020,UNICA,PROM,"0,7231","0,7231",8.222.057,8.245.975,9,3,SA
02/07/2020,UNICA,PROM,"0,7231","0,7231",8.222.014,8.245.975,9,3,SA
03/07/2020,UNICA,PROM,"0,7231","0,7231",8.221.971,8.245.975,9,3,SA
04/07/2020,UNICA,PROM,"0,7231","0,7231",8.221.928,8.245.975,9,3,SA
05/07/2020,UNICA,PROM,"0,7231","0,7231",8.221.885,8.245.975,9,3,SA
06/07/2020,UNICA,PROM,"0,7231","0,7231",8.221.842,8.245.975,9,3,SA
07/07/2020,UNICA,PROM,"0,7231","0,7231",8.221.799,8.245.975,9,3,SA
08/07/2020,UNICA,PROM,"0,7231","0,7231",12.046.737,12.070.957,14,3,SA
09/07/2020,UNICA,PROM,"0,7231","0,7231",12.046.692,12.070.957,14,3,SA
10/07/2020,UNICA,PROM,"0,7231","0,7231",12.046.648,12.070.957,14,3,SA
11/07/2020,UNICA,PROM,"0,7231","0,7231",12.046.604,12.070.957,14,3,SA
12/07/2020,UNICA,PROM,"0,7231","0,7231",12.046.560,12.070.957,14,3,SA
13/07/2020,UNICA,PROM,"0,7231","0,7231",12.046.515,12.070.957,14,3,SA
14/07/2020,UNICA,PROM,"0,7231","0,7231",12.046.471,12.070.957,12,3,SA
15/07/2020,UNICA,PROM,"0,7230","0,7230",12.046.427,12.070.957,12,3,SA
16/07/2020,UNICA,PROM,"0,7230","0,7230",12.046.383,12.070.957,12,3,SA
17/07/2020,UNICA,PROM,"0,7230","0,7230",12.046.314,12.070.932,12,3,SA
18/07/2020,UNICA,PROM,"0,7230","0,7230",12.046.269,12.070.932,12,3,SA
19/07/2020,UNICA,PROM,"0,7230","0,7230",12.046.225,12.070.932,12,3,SA
20/07/2020,UNICA,PROM,"0,7230","0,7230",12.046.181,12.070.932,12,3,SA
21/07/2020,UNICA,PROM,"0,7230","0,7230",12.046.137,12.070.932,12,3,SA
22/07/2020,UNICA,PROM,"0,7230","0,7230",12.046.092,12.070.932,12,3,SA
23/07/2020,UNICA,PROM,"0,7230","0,7230",12.046.048,12.070.932,12,3,SA
24/07/2020,UNICA,PROM,"0,7230","0,7230",12.046.004,12.070.932,12,3,SA
25/07/2020,UNICA,PROM,"0,7230","0,7230",12.045.960,12.070.932,12,3,SA
26/07/2020,UNICA,PROM,"0,7230","0,7230",12.045.916,12.070.932,12,3,SA
27/07/2020,UNICA,PROM,"0,7230","0,7230",12.045.826,12.070.932,12,3,SA
28/07/2020,UNICA,PROM,"0,7230","0,7230",12.045.782,12.070.932,12,3,SA
29/07/2020,UNICA,PROM,"0,7230","0,7230",12.045.738,12.070.932,12,3,SA
30/07/2020,UNICA,PROM,"0,7230","0,7230",12.045.694,12.070.932,12,3,SA
31/07/2020,UNICA,PROM,"0,8290","0,8290",13.811.091,13.838.341,12,3,SA
01/08/2020,UNICA,PROM,"0,8290","0,8290",13.811.043,13.838.341,12,3,SA
02/08/2020,UNICA,PROM,"0,8290","0,8290",13.810.995,13.838.341,12,3,SA
03/08/2020,UNICA,PROM,"0,8290","0,8290",13.810.947,13.838.341,12,3,SA
04/08/2020,UNICA,PROM,"0,8290","0,8290",13.810.899,13.838.341,12,3,SA
05/08/2020,UNICA,PROM,"0,8290","0,8290",13.810.851,13.838.341,12,3,SA
06/08/2020,UNICA,PROM,"0,8290","0,8290",13.810.802,13.838.341,12,3,SA
07/08/2020,UNICA,PROM,"0,8289","0,8289",13.810.754,13.838.341,12,3,SA
08/08/2020,UNICA,PROM,"0,8289","0,8289",13.810.706,13.838.341,12,3,SA
09/08/2020,UNICA,PROM,"0,8289","0,8289",13.810.658,13.838.341,12,3,SA
10/08/2020,UNICA,PROM,"0,8289","0,8289",13.810.610,13.838.341,12,3,SA
11/08/2020,UNICA,PROM,"0,8289","0,8289",13.810.562,13.838.341,12,3,SA
12/08/2020,UNICA,PROM,"0,8289","0,8289",13.810.514,13.838.341,12,3,SA
13/08/2020,UNICA,PROM,"0,8289","0,8289",13.810.465,13.838.341,12,3,SA
14/08/2020,UNICA,PROM,"0,8289","0,8289",13.810.417,13.838.341,12,3,SA
15/08/2020,UNICA,PROM,"0,8289","0,8289",13.810.369,13.838.341,12,3,SA
16/08/2020,UNICA,PROM,"0,8289","0,8289",13.810.321,13.838.341,12,3,SA
17/08/2020,UNICA,PROM,"0,8289","0,8289",13.810.273,13.838.341,12,3,SA
18/08/2020,UNICA,PROM,"0,8289","0,8289",13.810.225,13.838.341,12,3,SA
19/08/2020,UNICA,PROM,"0,8289","0,8289",13.810.176,13.838.341,12,3,SA
20/08/2020,UNICA,PROM,"0,8289","0,8289",13.810.128,13.838.341,12,3,SA
21/08/2020,UNICA,PROM,"0,8289","0,8289",13.810.080,13.838.341,12,3,SA
22/08/2020,UNICA,PROM,"0,8289","0,8289",13.810.032,13.838.341,12,3,SA
23/08/2020,UNICA,PROM,"0,8289","0,8289",13.809.984,13.838.341,12,3,SA
24/08/2020,UNICA,PROM,"0,8289","0,8289",13.809.936,13.838.341,12,3,SA
25/08/2020,UNICA,PROM,"0,8289","0,8289",13.809.887,13.838.341,9,3,SA
26/08/2020,UNICA,PROM,"0,8289","0,8289",13.809.839,13.838.341,9,3,SA
27/08/2020,UNICA,PROM,"0,8289","0,8289",13.809.791,13.838.341,9,3,SA
28/08/2020,UNICA,PROM,"0,8289","0,8289",13.809.743,13.838.341,9,3,SA
29/08/2020,UNICA,PROM,"0,8289","0,8289",13.809.695,13.838.341,9,3,SA
30/08/2020,UNICA,PROM,"0,8289","0,8289",13.809.647,13.838.341,9,3,SA
31/08/2020,UNICA,PROM,"0,8289","0,8289",13.810.286,13.838.341,9,3,SA
01/09/2020,UNICA,PROM,"0,8289","0,8289",13.810.239,13.838.341,9,3,SA
02/09/2020,UNICA,PROM,"0,8289","0,8289",13.810.192,13.838.341,9,3,SA
03/09/2020,UNICA,PROM,"0,8289","0,8289",13.810.145,13.838.341,9,3,SA
04/09/2020,UNICA,PROM,"0,8289","0,8289",13.810.098,13.838.341,9,3,SA
05/09/2020,UNICA,PROM,"0,8289","0,8289",13.810.051,13.838.341,9,3,SA
06/09/2020,UNICA,PROM,"0,8289","0,8289",13.810.004,13.838.341,9,3,SA
07/09/2020,UNICA,PROM,"0,8289","0,8289",13.809.957,13.838.341,9,3,SA
08/09/2020,UNICA,PROM,"0,8289","0,8289",13.809.910,13.838.341,9,3,SA
09/09/2020,UNICA,PROM,"0,8289","0,8289",13.809.863,13.838.341,9,3,SA
10/09/2020,UNICA,PROM,"0,8289","0,8289",13.809.816,13.838.341,9,3,SA
11/09/2020,UNICA,PROM,"0,8289","0,8289",13.809.769,13.838.341,9,3,SA
12/09/2020,UNICA,PROM,"0,8289","0,8289",13.809.722,13.838.341,9,3,SA
13/09/2020,UNICA,PROM,"0,8289","0,8289",13.809.674,13.838.341,9,3,SA
14/09/2020,UNICA,PROM,"0,8289","0,8289",13.809.627,13.838.341,9,3,SA
15/09/2020,UNICA,PROM,"0,8289","0,8289",13.809.580,13.838.341,9,3,SA
16/09/2020,UNICA,PROM,"0,8289","0,8289",13.809.533,13.838.341,9,3,SA
17/09/2020,UNICA,PROM,"0,8289","0,8289",13.809.486,13.838.341,9,3,SA
18/09/2020,UNICA,PROM,"0,8289","0,8289",13.809.439,13.838.341,9,3,SA
19/09/2020,UNICA,PROM,"0,8289","0,8289",13.809.392,13.838.341,9,3,SA
20/09/2020,UNICA,PROM,"0,8289","0,8289",13.809.345,13.838.341,9,3,SA
21/09/2020,UNICA,PROM,"0,8289","0,8289",13.809.298,13.838.341,9,3,SA
22/09/2020,UNICA,PROM,"0,8289","0,8289",13.809.251,13.838.341,9,3,SA
23/09/2020,UNICA,PROM,"0,8289","0,8289",13.809.204,13.838.341,9,3,SA
24/09/2020,UNICA,PROM,"0,8289","0,8289",13.809.157,13.838.341,9,3,SA
25/09/2020,UNICA,PROM,"0,8288","0,8288",13.809.110,13.838.341,9,3,SA
26/09/2020,UNICA,PROM,"0,8288","0,8288",13.809.063,13.838.341,9,3,SA
27/09/2020,UNICA,PROM,"0,8288","0,8288",13.809.015,13.838.341,9,3,SA
28/09/2020,UNICA,PROM,"0,8288","0,8288",13.808.968,13.838.341,9,3,SA
29/09/2020,UNICA,PROM,"0,8288","0,8288",13.808.921,13.838.341,9,3,SA
30/09/2020,UNICA,PROM,"0,8289","0,8289",13.809.284,13.838.341,9,3,SA
01/10/2020,UNICA,PROM,"0,8289","0,8289",13.809.237,13.838.341,9,3,SA
02/10/2020,UNICA,PROM,"0,8289","0,8289",13.809.191,13.838.341,9,3,SA
03/10/2020,UNICA,PROM,"0,8289","0,8289",13.809.144,13.838.341,9,3,SA
04/10/2020,UNICA,PROM,"0,8288","0,8288",13.809.098,13.838.341,9,3,SA
05/10/2020,UNICA,PROM,"0,8288","0,8288",13.809.051,13.838.341,9,3,SA
06/10/2020,UNICA,PROM,"0,8288","0,8288",13.809.005,13.838.341,9,3,SA
07/10/2020,UNICA,PROM,"0,8288","0,8288",13.808.958,13.838.341,9,3,SA
08/10/2020,UNICA,PROM,"0,8288","0,8288",13.808.912,13.838.341,9,3,SA
09/10/2020,UNICA,PROM,"0,8288","0,8288",13.808.865,13.838.341,9,3,SA
10/10/2020,UNICA,PROM,"0,8288","0,8288",13.808.819,13.838.341,9,3,SA
11/10/2020,UNICA,PROM,"0,8288","0,8288",13.808.772,13.838.341,9,3,SA
12/10/2020,UNICA,PROM,"0,8288","0,8288",13.808.726,13.838.341,9,3,SA
13/10/2020,UNICA,PROM,"0,8288","0,8288",13.808.679,13.838.341,9,3,SA
14/10/2020,UNICA,PROM,"0,8288","0,8288",13.808.633,13.838.341,9,3,SA
15/10/2020,UNICA,PROM,"0,8288","0,8288",13.808.586,13.838.341,9,3,SA
16/10/2020,UNICA,PROM,"0,8288","0,8288",13.808.540,13.838.341,9,3,SA
17/10/2020,UNICA,PROM,"0,8288","0,8288",13.808.493,13.838.341,9,3,SA
18/10/2020,UNICA,PROM,"0,8288","0,8288",13.808.447,13.838.341,9,3,SA
19/10/2020,UNICA,PROM,"0,8288","0,8288",13.808.400,13.838.341,9,3,SA
20/10/2020,UNICA,PROM,"0,8288","0,8288",13.808.354,13.838.341,9,3,SA
21/10/2020,UNICA,PROM,"0,8288","0,8288",13.808.307,13.838.341,9,3,SA
22/10/2020,UNICA,PROM,"0,8288","0,8288",13.808.261,13.838.341,9,3,SA
23/10/2020,UNICA,PROM,"0,8288","0,8288",13.808.214,13.838.341,9,3,SA
24/10/2020,UNICA,PROM,"0,8288","0,8288",13.808.168,13.838.341,9,3,SA
25/10/2020,UNICA,PROM,"0,8288","0,8288",13.808.121,13.838.341,9,3,SA
26/10/2020,UNICA,PROM,"0,8288","0,8288",13.808.075,13.838.341,9,3,SA
27/10/2020,UNICA,PROM,"0,8288","0,8288",13.808.028,13.838.341,9,3,SA
28/10/2020,UNICA,PROM,"0,8288","0,8288",13.807.982,13.838.341,9,3,SA
29/10/2020,UNICA,PROM,"0,8920","0,8920",14.861.670,14.892.076,9,3,SA
30/10/2020,UNICA,PROM,"0,8920","0,8920",14.861.623,14.892.076,9,3,SA
31/10/2020,UNICA,PROM,"0,8920","0,8920",14.860.914,14.892.076,9,3,SA
01/11/2020,UNICA,PROM,"0,8920","0,8920",14.860.866,14.892.076,9,3,SA
02/11/2020,UNICA,PROM,"0,8920","0,8920",14.860.818,14.892.076,9,3,SA
03/11/2020,UNICA,PROM,"0,8920","0,8920",14.860.770,14.892.076,9,3,SA
04/11/2020,UNICA,PROM,"0,8920","0,8920",14.860.722,14.892.076,9,3,SA
05/11/2020,UNICA,PROM,"0,8920","0,8920",14.860.674,14.892.076,9,3,SA
06/11/2020,UNICA,PROM,"0,8920","0,8920",14.860.626,14.892.076,9,3,SA
07/11/2020,UNICA,PROM,"0,8920","0,8920",14.860.578,14.892.076,9,3,SA
08/11/2020,UNICA,PROM,"0,8920","0,8920",14.860.530,14.892.076,9,3,SA
09/11/2020,UNICA,PROM,"0,8920","0,8920",14.860.482,14.892.076,9,3,SA
10/11/2020,UNICA,PROM,"0,8920","0,8920",14.860.434,14.892.076,9,3,SA
11/11/2020,UNICA,PROM,"0,8919","0,8919",14.860.387,14.892.076,9,3,SA
12/11/2020,UNICA,PROM,"0,8919","0,8919",14.860.339,14.892.076,9,3,SA
13/11/2020,UNICA,PROM,"0,8919","0,8919",14.860.291,14.892.076,9,3,SA
14/11/2020,UNICA,PROM,"0,8919","0,8919",14.860.243,14.892.076,9,3,SA
15/11/2020,UNICA,PROM,"0,8919","0,8919",14.860.195,14.892.076,9,3,SA
16/11/2020,UNICA,PROM,"0,8919","0,8919",14.860.147,14.892.076,9,3,SA
17/11/2020,UNICA,PROM,"0,8919","0,8919",14.860.099,14.892.076,9,3,SA
18/11/2020,UNICA,PROM,"0,8919","0,8919",14.860.051,14.892.076,9,3,SA
19/11/2020,UNICA,PROM,"0,8919","0,8919",14.860.003,14.892.076,9,3,SA
20/11/2020,UNICA,PROM,"0,8919","0,8919",14.859.955,14.892.076,9,3,SA
21/11/2020,UNICA,PROM,"0,8919","0,8919",14.859.907,14.892.076,9,3,SA
22/11/2020,UNICA,PROM,"0,8919","0,8919",14.859.860,14.892.076,9,3,SA
23/11/2020,UNICA,PROM,"0,8919","0,8919",14.859.812,14.892.076,9,3,SA
24/11/2020,UNICA,PROM,"0,8919","0,8919",14.859.764,14.892.076,9,3,SA
25/11/2020,UNICA,PROM,"0,8919","0,8919",14.859.716,14.892.076,9,3,SA
26/11/2020,UNICA,PROM,"0,8919","0,8919",14.859.389,14.892.076,9,3,SA
27/11/2020,UNICA,PROM,"0,8919","0,8919",14.859.341,14.892.076,9,3,SA
28/11/2020,UNICA,PROM,"0,8919","0,8919",14.859.293,14.892.076,9,3,SA
29/11/2020,UNICA,PROM,"0,8919","0,8919",14.859.245,14.892.076,9,3,SA
30/11/2020,UNICA,PROM,"0,8919","0,8919",14.858.939,14.892.076,9,3,SA
01/12/2020,UNICA,PROM,"0,8919","0,8919",14.858.891,14.892.076,9,3,SA
02/12/2020,UNICA,PROM,"0,8919","0,8919",14.858.843,14.892.076,9,3,SA
03/12/2020,UNICA,PROM,"0,8919","0,8919",14.858.794,14.892.076,9,3,SA
04/12/2020,UNICA,PROM,"0,8919","0,8919",14.858.746,14.892.076,9,3,SA
05/12/2020,UNICA,PROM,"0,8918","0,8918",14.858.697,14.892.076,9,3,SA
06/12/2020,UNICA,PROM,"0,8918","0,8918",14.858.649,14.892.076,9,3,SA
07/12/2020,UNICA,PROM,"0,8918","0,8918",14.858.600,14.892.076,9,3,SA
08/12/2020,UNICA,PROM,"0,8918","0,8918",14.858.552,14.892.076,9,3,SA
09/12/2020,UNICA,PROM,"0,8918","0,8918",14.858.503,14.892.076,9,3,SA
10/12/2020,UNICA,PROM,"0,8918","0,8918",14.858.455,14.892.076,9,3,SA
11/12/2020,UNICA,PROM,"0,8918","0,8918",14.858.406,14.892.076,9,3,SA
12/12/2020,UNICA,PROM,"0,8918","0,8918",14.858.358,14.892.076,9,3,SA
13/12/2020,UNICA,PROM,"0,8918","0,8918",14.858.310,14.892.076,9,3,SA
14/12/2020,UNICA,PROM,"0,8918","0,8918",14.858.261,14.892.076,9,3,SA
15/12/2020,UNICA,PROM,"0,8918","0,8918",14.858.213,14.892.076,9,3,SA
16/12/2020,UNICA,PROM,"0,8918","0,8918",14.858.164,14.892.076,9,3,SA
17/12/2020,UNICA,PROM,"0,8918","0,8918",14.858.116,14.892.076,9,3,SA
18/12/2020,UNICA,PROM,"0,8918","0,8918",14.858.067,14.892.076,9,3,SA
19/12/2020,UNICA,PROM,"0,8918","0,8918",14.858.019,14.892.076,9,3,SA
20/12/2020,UNICA,PROM,"0,8918","0,8918",14.857.970,14.892.076,9,3,SA
21/12/2020,UNICA,PROM,"0,8918","0,8918",14.857.922,14.892.076,9,3,SA
22/12/2020,UNICA,PROM,"0,8918","0,8918",14.857.874,14.892.076,9,3,SA
23/12/2020,UNICA,PROM,"0,8918","0,8918",14.857.808,14.892.076,9,3,SA
24/12/2020,UNICA,PROM,"0,8918","0,8918",14.857.760,14.892.076,9,3,SA
25/12/2020,UNICA,PROM,"0,8918","0,8918",14.857.713,14.892.076,9,3,SA
26/12/2020,UNICA,PROM,"0,8918","0,8918",14.857.666,14.892.076,9,3,SA
27/12/2020,UNICA,PROM,"0,8918","0,8918",14.857.619,14.892.076,9,3,SA
28/12/2020,UNICA,PROM,"0,8918","0,8918",14.857.571,14.892.076,9,3,SA
29/12/2020,UNICA,PROM,"0,8918","0,8918",14.857.524,14.892.076,9,3,SA
30/12/2020,UNICA,PROM,"0,8918","0,8918",14.857.477,14.892.076,9,3,SA
31/12/2020,UNICA,PROM,"0,8916","0,8916",14.854.810,14.892.076,9,3,SA
01/01/2021,UNICA,PROM,"0,8916","0,8916",14.854.758,14.892.076,9,3,SA
02/01/2021,UNICA,PROM,"0,8916","0,8916",14.854.706,14.892.076,9,3,SA
03/01/2021,UNICA,PROM,"0,8916","0,8916",14.854.654,14.892.076,9,3,SA
04/01/2021,UNICA,PROM,"0,8916","0,8916",14.854.602,14.892.076,9,3,SA
05/01/2021,UNICA,PROM,"0,8916","0,8916",14.854.550,14.892.076,9,3,SA
06/01/2021,UNICA,PROM,"0,8916","0,8916",14.854.498,14.892.076,9,3,SA
07/01/2021,UNICA,PROM,"0,8916","0,8916",14.854.445,14.892.076,9,3,SA
08/01/2021,UNICA,PROM,"0,8916","0,8916",14.854.393,14.892.076,9,3,SA
09/01/2021,UNICA,PROM,"0,8916","0,8916",14.854.341,14.892.076,9,3,SA
10/01/2021,UNICA,PROM,"0,8916","0,8916",14.854.289,14.892.076,9,3,SA
11/01/2021,UNICA,PROM,"0,8916","0,8916",14.854.237,14.892.076,9,3,SA
12/01/2021,UNICA,PROM,"0,8916","0,8916",14.854.185,14.892.076,9,3,SA
13/01/2021,UNICA,PROM,"0,8916","0,8916",16.129.388,16.167.331,12,3,SA
14/01/2021,UNICA,PROM,"0,8916","0,8916",16.129.335,16.167.331,12,3,SA
15/01/2021,UNICA,PROM,"0,8916","0,8916",16.129.283,16.167.331,12,3,SA
16/01/2021,UNICA,PROM,"0,8916","0,8916",16.129.230,16.167.331,12,3,SA
17/01/2021,UNICA,PROM,"0,8916","0,8916",16.129.178,16.167.331,12,3,SA
18/01/2021,UNICA,PROM,"0,8916","0,8916",16.129.125,16.167.331,12,3,SA
19/01/2021,UNICA,PROM,"0,8916","0,8916",16.129.073,16.167.331,9,3,SA
20/01/2021,UNICA,PROM,"0,8916","0,8916",16.129.020,16.167.331,9,3,SA
21/01/2021,UNICA,PROM,"0,8916","0,8916",16.128.968,16.167.331,9,3,SA
22/01/2021,UNICA,PROM,"0,8915","0,8915",16.128.915,16.167.331,9,3,SA
23/01/2021,UNICA,PROM,"0,8915","0,8915",16.128.863,16.167.331,9,3,SA
24/01/2021,UNICA,PROM,"0,8915","0,8915",16.128.810,16.167.331,9,3,SA
25/01/2021,UNICA,PROM,"0,8915","0,8915",16.128.758,16.167.331,9,3,SA
26/01/2021,UNICA,PROM,"0,8915","0,8915",16.128.717,16.167.331,9,3,SA
27/01/2021,UNICA,PROM,"0,8915","0,8915",16.128.639,16.167.306,9,3,SA
28/01/2021,UNICA,PROM,"0,8915","0,8915",16.128.587,16.167.306,9,3,SA
29/01/2021,UNICA,PROM,"0,8915","0,8915",16.128.534,16.167.306,9,3,SA
30/01/2021,UNICA,PROM,"0,8915","0,8915",16.128.482,16.167.306,9,3,SA
31/01/2021,UNICA,PROM,"0,8916","0,8916",16.129.236,16.167.306,9,3,SA
01/02/2021,UNICA,PROM,"0,9427","0,9427",17.054.881,17.093.003,9,3,SA
02/02/2021,UNICA,PROM,"0,9427","0,9427",17.054.830,17.093.003,9,3,SA
03/02/2021,UNICA,PROM,"0,9427","0,9427",17.054.779,17.093.003,9,3,SA
04/02/2021,UNICA,PROM,"0,9427","0,9427",17.054.727,17.093.003,9,3,SA
05/02/2021,UNICA,PROM,"0,9427","0,9427",17.054.676,17.093.003,9,3,SA
06/02/2021,UNICA,PROM,"0,9427","0,9427",17.054.624,17.093.003,9,3,SA
07/02/2021,UNICA,PROM,"0,9427","0,9427",17.054.573,17.093.003,9,3,SA
08/02/2021,UNICA,PROM,"0,9427","0,9427",17.054.522,17.093.003,9,3,SA
09/02/2021,UNICA,PROM,"0,9427","0,9427",17.054.470,17.093.003,9,3,SA
10/02/2021,UNICA,PROM,"0,9427","0,9427",17.054.419,17.093.003,9,3,SA
11/02/2021,UNICA,PROM,"0,9427","0,9427",17.054.367,17.093.003,9,3,SA
12/02/2021,UNICA,PROM,"0,9427","0,9427",17.054.316,17.093.003,9,3,SA
13/02/2021,UNICA,PROM,"0,9427","0,9427",17.054.265,17.093.003,9,3,SA
14/02/2021,UNICA,PROM,"0,9427","0,9427",17.054.213,17.093.003,9,3,SA
15/02/2021,UNICA,PROM,"0,9427","0,9427",17.054.162,17.093.003,9,3,SA
16/02/2021,UNICA,PROM,"0,9427","0,9427",17.054.110,17.093.003,9,3,SA
17/02/2021,UNICA,PROM,"0,9427","0,9427",17.054.059,17.093.003,9,3,SA
18/02/2021,UNICA,PROM,"0,9427","0,9427",17.054.008,17.093.003,9,3,SA
19/02/2021,UNICA,PROM,"0,9427","0,9427",17.053.956,17.093.003,9,3,SA
20/02/2021,UNICA,PROM,"0,9427","0,9427",17.053.905,17.093.003,9,3,SA
21/02/2021,UNICA,PROM,"0,9427","0,9427",17.053.853,17.093.003,9,3,SA
22/02/2021,UNICA,PROM,"0,9427","0,9427",17.053.802,17.093.003,9,3,SA
23/02/2021,UNICA,PROM,"0,9427","0,9427",17.053.751,17.093.003,9,3,SA
24/02/2021,UNICA,PROM,"0,9427","0,9427",17.053.699,17.093.003,9,3,SA
25/02/2021,UNICA,PROM,"0,9427","0,9427",17.053.608,17.093.003,9,3,SA
26/02/2021,UNICA,PROM,"0,9427","0,9427",17.053.557,17.093.003,9,3,SA
27/02/2021,UNICA,PROM,"0,9427","0,9427",17.053.506,17.093.003,9,3,SA
28/02/2021,UNICA,PROM,"0,9426","0,9426",17.052.997,17.093.003,9,3,SA
01/03/2021,UNICA,PROM,"0,9426","0,9426",17.052.944,17.093.003,9,3,SA
02/03/2021,UNICA,PROM,"0,9426","0,9426",17.052.892,17.093.003,9,3,SA
03/03/2021,UNICA,PROM,"0,9426","0,9426",17.052.839,17.093.003,9,3,SA
04/03/2021,UNICA,PROM,"0,9426","0,9426",17.052.786,17.093.003,9,3,SA
05/03/2021,UNICA,PROM,"0,9426","0,9426",17.052.734,17.093.003,9,3,SA
06/03/2021,UNICA,PROM,"0,9426","0,9426",17.052.681,17.093.003,9,3,SA
07/03/2021,UNICA,PROM,"0,9426","0,9426",17.052.629,17.093.003,9,3,SA
08/03/2021,UNICA,PROM,"0,9426","0,9426",17.052.576,17.093.003,9,3,SA
09/03/2021,UNICA,PROM,"0,9426","0,9426",17.052.523,17.093.003,9,3,SA
10/03/2021,UNICA,PROM,"0,9426","0,9426",17.052.471,17.093.003,9,3,SA
11/03/2021,UNICA,PROM,"0,9426","0,9426",17.052.418,17.093.003,9,3,SA
12/03/2021,UNICA,PROM,"0,9426","0,9426",17.052.366,17.093.003,9,3,SA
13/03/2021,UNICA,PROM,"0,9426","0,9426",17.052.313,17.093.003,9,3,SA
14/03/2021,UNICA,PROM,"0,9426","0,9426",17.052.261,17.093.003,9,3,SA
15/03/2021,UNICA,PROM,"0,9426","0,9426",17.052.208,17.093.003,9,3,SA
16/03/2021,UNICA,PROM,"0,9426","0,9426",17.052.155,17.093.003,9,3,SA
17/03/2021,UNICA,PROM,"0,9426","0,9426",17.052.103,17.093.003,9,3,SA
18/03/2021,UNICA,PROM,"0,9426","0,9426",17.052.050,17.093.003,9,3,SA
19/03/2021,UNICA,PROM,"0,9426","0,9426",17.051.998,17.093.003,9,3,SA
20/03/2021,UNICA,PROM,"0,9426","0,9426",17.051.945,17.093.003,9,3,SA
21/03/2021,UNICA,PROM,"0,9426","0,9426",17.051.893,17.093.003,9,3,SA
22/03/2021,UNICA,PROM,"0,9426","0,9426",17.051.840,17.093.003,9,3,SA
23/03/2021,UNICA,PROM,"0,9426","0,9426",17.051.787,17.093.003,9,3,SA
24/03/2021,UNICA,PROM,"0,9426","0,9426",17.051.735,17.093.003,9,3,SA
25/03/2021,UNICA,PROM,"0,9426","0,9426",17.051.727,17.093.003,9,3,SA
26/03/2021,UNICA,PROM,"0,9426","0,9426",17.051.675,17.093.003,9,3,SA
27/03/2021,UNICA,PROM,"0,9426","0,9426",17.051.622,17.093.003,9,3,SA
28/03/2021,UNICA,PROM,"0,9426","0,9426",17.051.569,17.093.003,9,3,SA
29/03/2021,UNICA,PROM,"0,9425","0,9425",17.051.517,17.093.003,9,3,SA
30/03/2021,UNICA,PROM,"0,9425","0,9425",17.051.464,17.093.003,9,3,SA
31/03/2021,UNICA,PROM,"0,9425","0,9425",17.051.473,17.093.003,9,3,SA
01/04/2021,UNICA,PROM,"0,9425","0,9425",17.051.420,17.093.003,9,3,SA
02/04/2021,UNICA,PROM,"0,9425","0,9425",17.051.367,17.093.003,9,3,SA
03/04/2021,UNICA,PROM,"0,9425","0,9425",17.051.315,17.093.003,9,3,SA
04/04/2021,UNICA,PROM,"0,9425","0,9425",17.051.262,17.093.003,9,3,SA
05/04/2021,UNICA,PROM,"0,9425","0,9425",17.051.210,17.093.003,9,3,SA
06/04/2021,UNICA,PROM,"0,9425","0,9425",17.051.157,17.093.003,9,3,SA
07/04/2021,UNICA,PROM,"0,9425","0,9425",17.051.104,17.093.003,9,3,SA
08/04/2021,UNICA,PROM,"0,9425","0,9425",17.051.052,17.093.003,9,3,SA
09/04/2021,UNICA,PROM,"0,9425","0,9425",17.050.999,17.093.003,9,3,SA
10/04/2021,UNICA,PROM,"0,9425","0,9425",17.050.946,17.093.003,9,3,SA
11/04/2021,UNICA,PROM,"0,9425","0,9425",17.050.894,17.093.003,9,3,SA
12/04/2021,UNICA,PROM,"0,9425","0,9425",17.050.841,17.093.003,9,3,SA
13/04/2021,UNICA,PROM,"0,9425","0,9425",17.050.789,17.093.003,9,3,SA
14/04/2021,UNICA,PROM,"0,9425","0,9425",17.050.736,17.093.003,9,3,SA
15/04/2021,UNICA,PROM,"0,9425","0,9425",17.050.683,17.093.003,9,3,SA
16/04/2021,UNICA,PROM,"0,9425","0,9425",17.050.631,17.093.003,9,3,SA
17/04/2021,UNICA,PROM,"0,9425","0,9425",17.050.578,17.093.003,9,3,SA
18/04/2021,UNICA,PROM,"0,9425","0,9425",17.050.525,17.093.003,9,3,SA
19/04/2021,UNICA,PROM,"0,9425","0,9425",17.050.473,17.093.003,9,3,SA
20/04/2021,UNICA,PROM,"0,9425","0,9425",17.050.420,17.093.003,9,3,SA
21/04/2021,UNICA,PROM,"0,9425","0,9425",17.050.367,17.093.003,9,3,SA
22/04/2021,UNICA,PROM,"0,9425","0,9425",17.050.315,17.093.003,9,3,SA
23/04/2021,UNICA,PROM,"0,9425","0,9425",17.050.262,17.093.003,9,3,SA
24/04/2021,UNICA,PROM,"0,9425","0,9425",17.050.210,17.093.003,9,3,SA
25/04/2021,UNICA,PROM,"0,9425","0,9425",17.050.157,17.093.003,9,3,SA
26/04/2021,UNICA,PROM,"0,9425","0,9425",17.050.089,17.093.003,9,3,SA
27/04/2021,UNICA,PROM,"0,9425","0,9425",17.050.037,17.093.003,9,3,SA
28/04/2021,UNICA,PROM,"0,9425","0,9425",17.049.984,17.093.003,9,3,SA
29/04/2021,UNICA,PROM,"0,9425","0,9425",17.049.931,17.093.003,9,3,SA
30/04/2021,UNICA,PROM,"0,9424","0,9424",17.049.303,17.093.003,9,3,SA
01/05/2021,UNICA,PROM,"0,9424","0,9424",17.049.249,17.093.003,9,3,SA
02/05/2021,UNICA,PROM,"0,9424","0,9424",17.049.196,17.093.003,9,3,SA
03/05/2021,UNICA,PROM,"1,0227","1,0227",18.501.875,18.545.736,9,3,SA
04/05/2021,UNICA,PROM,"1,0227","1,0227",18.501.821,18.545.736,9,3,SA
05/05/2021,UNICA,PROM,"1,0227","1,0227",18.501.767,18.545.736,9,3,SA
06/05/2021,UNICA,PROM,"1,0227","1,0227",18.501.713,18.545.736,9,3,SA
07/05/2021,UNICA,PROM,"1,0227","1,0227",18.501.659,18.545.736,9,3,SA
08/05/2021,UNICA,PROM,"1,0227","1,0227",18.501.605,18.545.736,9,3,SA
09/05/2021,UNICA,PROM,"1,0227","1,0227",18.501.551,18.545.736,9,3,SA
10/05/2021,UNICA,PROM,"1,0227","1,0227",18.501.497,18.545.736,9,3,SA
11/05/2021,UNICA,PROM,"1,0227","1,0227",18.501.443,18.545.736,9,3,SA
12/05/2021,UNICA,PROM,"1,0227","1,0227",18.501.389,18.545.736,9,3,SA
13/05/2021,UNICA,PROM,"1,0227","1,0227",18.501.335,18.545.736,9,3,SA
14/05/2021,UNICA,PROM,"1,0227","1,0227",18.501.281,18.545.736,9,3,SA
15/05/2021,UNICA,PROM,"1,0227","1,0227",18.501.227,18.545.736,9,3,SA
16/05/2021,UNICA,PROM,"1,0227","1,0227",18.501.173,18.545.736,9,3,SA
17/05/2021,UNICA,PROM,"1,0227","1,0227",18.501.119,18.545.736,9,3,SA
18/05/2021,UNICA,PROM,"1,0227","1,0227",18.501.065,18.545.736,9,3,SA
19/05/2021,UNICA,PROM,"1,0227","1,0227",18.501.011,18.545.736,9,3,SA
20/05/2021,UNICA,PROM,"1,0227","1,0227",18.500.957,18.545.736,9,3,SA
21/05/2021,UNICA,PROM,"1,0227","1,0227",18.500.903,18.545.736,9,3,SA
22/05/2021,UNICA,PROM,"1,0227","1,0227",18.500.849,18.545.736,9,3,SA
23/05/2021,UNICA,PROM,"1,0227","1,0227",18.500.795,18.545.736,9,3,SA
24/05/2021,UNICA,PROM,"1,0227","1,0227",18.500.741,18.545.736,9,3,SA
25/05/2021,UNICA,PROM,"1,0227","1,0227",18.500.687,18.545.736,9,3,SA
26/05/2021,UNICA,PROM,"1,0226","1,0226",18.500.633,18.545.736,9,3,SA
